ticker,return_1y,return_6m,return_1m,volatility,momentum,ma_50,ma_200,sector,market_cap,price,dividend,avg_volume
360ONE.NS,0.10470469719389425,0.06247000742211626,-0.0271533522897626,0.022942440984671807,-94.199951171875,1146.1100048828125,1107.283537902832,Financial Services,447745916928,1103.5,1.06,949658
3MINDIA.NS,0.4039128955733496,0.19868744872846594,0.06222739168362896,0.018106146238770122,1280.0,35317.4,31941.498115234375,Industrials,411512995840,36530.0,0.44,4127
ABB.NS,0.18668077756375018,0.21154230846169234,0.0856861163395178,0.01661253726241311,1184.0,5383.87,5414.039150390625,Industrials,1284027318272,6059.0,0.64,312833
ACC.NS,-0.12236873505228252,-0.1144966384934337,-0.02529172447711452,0.011300190902092533,-160.0999755859375,1694.53599609375,1820.5955596923827,Basic Materials,299614568448,1595.5,0.46,172806
ACMESOLAR.NS,0.20905945560090816,-0.17471242471204906,0.04029076102598763,0.023978935391257592,18.310699462890625,226.3374188232422,256.1928115844727,Utilities,142003421184,234.34,0.09,827915
AIAENG.NS,0.21265642104573096,0.2878697203603946,-0.030884921326616948,0.01607922474282048,-82.199951171875,3932.337998046875,3483.517720947266,Industrials,360757886976,3865.8,0.41,59984
APLAPOLLO.NS,0.5548063279085349,0.3887331387855894,0.08935819191050397,0.015059078654434753,287.800048828125,2041.8279907226563,1803.6801458740235,Basic Materials,618996236288,2229.0,0.26,731498
AUBANK.NS,0.726034821199029,0.3365364926149627,-0.023056918554302745,0.01859377508400704,-65.70001220703125,991.7470007324218,845.2109793090821,Financial Services,717106708480,959.75,0.1,2428001
AWL.NS,-0.23251271369134666,-0.2500596397202721,-0.11852129020737605,0.01673602371573588,-23.819992065429688,216.52660034179686,251.20890007019042,Consumer Defensive,244483293184,188.59,,1421667
AADHARHFC.NS,0.2219757788473953,-0.06909235342795006,-0.04701806668000918,0.017371618351328437,-4.899993896484375,477.17599914550783,485.6837493896484,Financial Services,203038359552,468.05,,349207
AARTIIND.NS,0.14793025282673938,0.2049986834679685,0.21844333198939486,0.02188447093460436,98.60000610351562,398.7800024414062,407.53364181518555,Basic Materials,164576755712,453.2,0.22,1083861
AAVAS.NS,-0.24258285720723255,-0.15780812396344218,-0.12386231023885283,0.02025554903575687,-155.2999267578125,1402.59,1636.6724993896485,Financial Services,101484380160,1281.5,,254072
ABBOTINDIA.NS,-0.11140167550674766,-0.16581956797966962,-0.0473426446580809,0.013272206006025071,-1495.0,27532.2,30203.5188671875,Healthcare,558006665216,26260.0,1.8,7210
ACE.NS,-0.205499856446982,-0.16279069767441862,0.03825779870512066,0.021225137636193644,33.8499755859375,893.5910046386718,1052.0553021240235,Industrials,104978079744,882.0,0.22,214491
ADANIENSOL.NS,0.5504004918970459,0.33069590527299564,0.14651323022975563,0.0230535444230983,117.20001220703125,980.4589978027344,911.712000427246,Utilities,1235276791808,1026.4,,1431093
ADANIENT.NS,0.0405212026104101,-0.021962868044963987,0.0866164501163275,0.020389010657829117,38.099853515625,2173.91,2381.028791503906,Energy,2837437743104,2195.0,0.06,1403197
ADANIGREEN.NS,0.1835540498922082,0.05172413793103448,0.12724394433920222,0.02643962757280892,30.6500244140625,958.6,998.474248046875,Utilities,1581865631744,960.35,,2709799
ADANIPORTS.NS,0.42783156002002737,0.1678092006124344,0.07979991749636016,0.01647246505918393,111.199951171875,1480.687998046875,1436.1421405029296,Industrials,3531969134592,1533.0,0.45,2101069
ADANIPOWER.NS,0.4124686327925119,0.16931661060790074,0.037597844248097215,0.0263974395792773,-2.160003662109375,143.07940002441407,134.11545001983643,Utilities,2707760349184,140.4,,15591856
ATGL.NS,-0.11357505967530578,-0.12941973128009035,-0.02343682765917006,0.02394252126587893,-32.1500244140625,545.8710009765625,610.1360620117188,Utilities,566536962048,514.85,0.05,637726
ABCAPITAL.NS,1.1843089864658691,0.23951767619603698,0.013537393374829338,0.01955731852933836,-17.600006103515625,350.3629992675781,302.7213998413086,Financial Services,901026152448,344.3,,5215635
ABFRL.NS,-0.7205530407277416,-0.12462830743136578,0.01957529514646001,0.04805011792895402,-3.5900039672851562,71.61899993896485,82.82984985351563,Consumer Cyclical,82397274112,67.74,,6698992
ABLBL.NS,-0.35316730731462037,-0.2611950521534228,-0.022945787496190025,0.02116956656194949,-13.489997863769531,114.27639999389649,,Consumer Cyclical,124806299648,102.62,,2205763
ABREL.NS,-0.2966083890363896,-0.2583704512556392,0.02495260184518566,0.024241717833585977,-231.699951171875,1464.85400390625,1821.939223022461,Real Estate,143550005248,1298.4,0.15,215319
ABSLAMC.NS,0.46516161044437093,0.07669746222083779,0.18394892351249062,0.01889084196404131,67.20001220703125,827.1490026855469,801.1516912841797,Financial Services,260153245696,899.55,2.63,351909
AEGISLOG.NS,-0.08677074524690402,-0.005829836939403697,-0.054551643512577006,0.02446394270406361,-16.0999755859375,709.4650024414062,751.61185546875,Energy,242418155520,690.65,1.14,533835
AEGISVOPAK.NS,-0.049545477244479594,-0.07167941824828464,0.014108712061581435,0.026433970696730626,12.389999389648438,228.6690008544922,,Energy,254849138688,230.01,,1100819
AFCONS.NS,-0.3366921100179294,-0.30145999370364934,-0.11987333916873101,0.017230286435922136,-62.600006103515625,349.99700134277344,409.64297592163086,Industrials,107246002176,291.6,0.84,481093
AFFLE.NS,-0.06448844514716248,-0.2840217727468745,-0.1172439943566148,0.019797173497469223,-357.699951171875,1646.2380004882812,1818.5515008544921,Communication Services,191666585600,1362.9,,226480
AJANTPHARM.NS,0.18084010987109603,0.2191609239026019,0.08706287207115052,0.0171173538317122,343.2001953125,2809.71400390625,2616.95609375,Healthcare,377402032128,3019.3,1.85,125710
AKUMS.NS,0.014786649958281684,0.00691676325875535,0.09293597369579788,0.02104534629819497,36.29998779296875,451.09600036621094,484.4177505493164,Healthcare,73522290688,479.9,,244525
AKZOINDIA.NS,-0.03144412044819819,-0.12751425967038368,0.06274998256138394,0.019237403221247375,-113.10009765625,3041.446015625,3277.4990551757815,Basic Materials,135514300416,2975.7,3.24,307086
APLLTD.NS,-0.04503361454526254,-0.21767437915563617,-0.06409603093029749,0.02062360011597824,-41.9000244140625,795.8940051269532,908.7811434936524,Healthcare,144479092736,733.25,1.51,55199
ALKEM.NS,0.25117647750460426,0.07172166269913935,0.01480857397446659,0.013765510664965838,-74.3251953125,5605.5274609375,5333.021120605469,Healthcare,683313987584,5715.0,0.89,105000
ALKYLAMINE.NS,-0.0793668392351135,-0.2615806410301359,-0.0571119015447654,0.019858314258293305,-114.2999267578125,1566.6880004882812,1876.5410961914063,Basic Materials,75723882496,1480.6,0.67,89817
ALOKINDS.NS,-0.08607598695783993,-0.17059163084773266,-0.043708661219397,0.025771887370340602,-1.1100006103515625,15.50360013961792,17.69980000972748,Consumer Cyclical,71698071552,14.44,,5556525
ARE&M.NS,-0.1439761060059453,-0.12198096244239104,0.006552299070802669,0.014695010616485158,-34.14996337890625,878.8730017089844,955.3172891235351,Industrials,154664288256,844.95,1.27,277067
AMBER.NS,0.33783231694756316,0.09521843825249399,0.3924947515745276,0.02454949249471667,1814.5,6700.88,7199.1325,Consumer Cyclical,279934271488,7959.0,,313737
AMBUJACEM.NS,0.07629679980607967,-0.10546879106285809,-0.012447331528938758,0.013605481416654084,-49.95001220703125,536.5260021972656,560.8142584228516,Basic Materials,1246046191616,504.1,0.39,1934277
ANANDRATHI.NS,0.5307201368267157,0.1011102781182798,0.05434257092084865,0.019231553946647356,-50.0,3029.677978515625,2732.2345697021483,Financial Services,252523298816,3041.4,0.42,269484
ANANTRAJ.NS,0.10331451333636578,0.03059949564284497,0.055225138400215625,0.028910513022855914,-19.39996337890625,546.9389978027343,570.9504643249512,Real Estate,191667503104,532.3,0.14,3728830
ANGELONE.NS,0.11127946284678157,0.08924046867831717,-0.060962613474071226,0.026725101210011495,-34.218414306640625,252.21779876708985,258.28152381896973,Financial Services,216900567040,238.6,2.88,9753450
APARINDS.NS,0.873483632158166,0.4174857734092085,0.37102827120340254,0.029534474168123142,3549.5,8735.44,8572.459897460938,Industrials,439858823168,10950.0,0.47,87584
APOLLOHOSP.NS,0.2639600871372372,0.02599897099934878,0.12173722714285352,0.012473723517515717,571.59326171875,7228.124287109375,7363.644797363281,Healthcare,1120801390592,7795.0,0.26,395066
APOLLOTYRE.NS,0.19730433845524745,-0.0005505099530603832,-0.061372400190518865,0.016773823608666673,-46.282012939453125,494.6622491455078,480.4888255310059,Consumer Cyclical,290536357888,458.75,1.83,888614
APTUS.NS,-0.168188675191648,-0.22015099079729317,-0.10675379283971612,0.01842667019953516,-24.0,267.377998046875,305.70671371459963,Financial Services,123337441280,246.05,1.83,1086196
ASAHIINDIA.NS,0.422378198681677,0.11768017688487384,-0.06917547278638042,0.02264808739574444,-14.79998779296875,966.8679992675782,890.4397247314453,Consumer Cyclical,237770604544,932.7,0.21,125128
ASHOKLEY.NS,0.9166346551750324,0.6717591145291436,0.07199147636559527,0.01735730357606421,26.600006103515625,193.15059936523437,147.5720474624634,Industrials,1238913384448,210.92,1.47,16752979
ASIANPAINT.NS,0.08132665642537196,-0.05828801262432997,-0.024790985447176075,0.013270133499496559,-388.7998046875,2609.48400390625,2517.892197265625,Basic Materials,2273114849280,2371.3,1.05,1234818
ASTERDM.NS,0.6050249820301505,0.07570085837132143,0.1709679601645998,0.019300165488159424,47.14996337890625,597.1529992675781,616.4793850708007,Healthcare,334305001472,646.55,0.77,650493
ASTRAZEN.NS,0.28513581044701874,0.05955096650258134,0.03216374269005848,0.020141787199224173,561.0,8690.65,8922.757111816407,Healthcare,220624994304,8825.0,0.36,9494
ASTRAL.NS,0.2085028230727726,0.23150577940462375,0.13300828095715495,0.017962358613981804,208.699951171875,1493.2859936523437,1461.2536492919921,Industrials,450042757120,1675.2,0.22,530850
ATHERENERG.NS,1.295732808548072,0.5417083403528623,0.117102615694165,0.030077400910710737,75.25,682.7969982910156,538.4102494812012,Consumer Cyclical,265455484928,694.3,,1930182
ATUL.NS,0.2294992266866118,0.04395954447718404,0.05505030181086519,0.01865213879914043,551.5,6221.91,6424.851091308594,Basic Materials,192872939520,6551.0,0.38,25670
AUROPHARMA.NS,0.137315183947004,0.1931208630440859,0.013910780415138135,0.018147578250126643,51.800048828125,1183.3479907226563,1142.9383786010742,Healthcare,711133495296,1224.4,0.33,1331520
AIIL.NS,0.624732686007168,-0.240864776697724,-0.03939038783298259,0.02854471564509881,-145.9000244140625,552.9767987060546,557.3680154418945,Financial Services,411874361344,485.0,0.04,570163
DMART.NS,0.08861771588593804,-0.1971570524019328,0.03482856755657948,0.014574598547748419,42.300048828125,3804.257998046875,4134.187489013671,Consumer Defensive,2484563869696,3818.1,,411520
AXISBANK.NS,0.3673522862441057,0.3289323238511994,0.013572661452549399,0.013802027591522482,94.800048828125,1310.1520043945313,1208.1249981689452,Financial Services,4313830391808,1388.7,0.07,5724343
BASF.NS,-0.18609303283994696,-0.24350239209512745,-0.043740573152337855,0.016540283385582024,-146.300048828125,3722.1619970703123,4439.287254638672,Basic Materials,150975987712,3487.9,0.57,17456
BEML.NS,0.29935315369235344,-0.13405989808695515,-0.07410592562035086,0.028841948127790798,-127.429443359375,1763.2743994140626,1986.108321533203,Industrials,138251534336,1659.5,0.77,276239
BLS.NS,-0.1952594992100547,-0.23311542775841007,0.08933775415965726,0.027838576145255724,-21.594879150390625,292.00441680908204,338.36021614074707,Industrials,114635382784,278.45,1.07,2917598
BSE.NS,0.6035695517139178,0.3122794165176359,-0.016517680075750805,0.031164608659381206,-57.89990234375,2779.59400390625,2582.647664794922,Financial Services,1116489515008,2749.1,0.21,4609889
BAJAJ-AUTO.NS,0.24974059056196032,0.16248624225221572,0.04548059390466267,0.014293488801316182,545.0,9548.39,8895.264887695312,Consumer Cyclical,2802019991552,10034.0,2.08,313820
BAJFINANCE.NS,0.1662026017078249,0.14939913204021443,0.08512128460743008,0.016334049247744505,58.75,978.3199987792968,967.6158978271484,Financial Services,6272292749312,1009.0,0.43,7145600
BAJAJFINSV.NS,0.047379798995637816,0.05346226748268879,0.032367138191335056,0.014137403870498392,13.300048828125,2014.372001953125,2023.6597045898438,Financial Services,3220235091968,2015.8,0.05,1026330
BAJAJHLDNG.NS,-0.09854020873251039,-0.14976971080109408,0.00037037037037037035,0.020270924238343188,122.0,11003.42,12484.061103515625,Financial Services,1202081234944,10801.0,1.19,76454
BAJAJHFL.NS,-0.22209268281337433,-0.22006469073757606,-0.04480897955275269,0.014458598483894072,-5.629997253417969,91.75019973754883,108.14025001525879,Financial Services,722927878144,86.8,,13611042
BALKRISIND.NS,-0.0918333609919635,0.062272829270552894,0.05291513000450883,0.017446416517195737,-19.55419921875,2449.3490576171876,2432.8051501464843,Consumer Cyclical,468175552512,2421.8,0.65,214925
BALRAMCHIN.NS,0.049050894789259475,-0.12546490167275143,0.10717256367036834,0.02083509380256634,44.350006103515625,438.8249981689453,504.13525009155273,Consumer Defensive,93990559744,465.1,1.52,368744
BANDHANBNK.NS,0.31292998400114463,0.10074167332706195,0.15163280396071413,0.02056515032158941,33.260009765625,154.9224008178711,162.94636833190918,Financial Services,287397281792,178.4,0.81,9088364
BANKBARODA.NS,0.6386547264337109,0.38233906099891424,0.0749833422334444,0.01641286017819421,13.600006103515625,299.63000122070315,265.90954650878905,Financial Services,1662593007616,321.5,2.57,9493837
BANKINDIA.NS,0.8902623991669764,0.5973342706187516,0.07355266067336913,0.019110699454570487,18.830001831054688,157.8752005004883,132.26679969787597,Financial Services,801041874944,175.95,2.29,10886406
MAHABANK.NS,0.6559583232926355,0.4789350952978142,0.1594914079594215,0.019842811334878446,10.146408081054688,64.3748055267334,57.466892108917236,Financial Services,581481529344,75.6,3.3,23501705
BATAINDIA.NS,-0.3739405467808363,-0.2744740643656618,-0.07371231854263853,0.015442630415346086,-106.0999755859375,886.4110009765625,1086.1222872924805,Consumer Cyclical,102327197696,796.15,2.39,128662
BAYERCROP.NS,-0.027101288280150067,-0.08924195599830415,0.0455867629016469,0.015923126954704603,271.099609375,4534.64,5044.959899902344,Basic Materials,209994907648,4669.8,2.68,25962
BERGEPAINT.NS,-0.09042307152300799,-0.14352720450281425,-0.01382586731663593,0.015395429071469666,-63.25,497.5499981689453,538.878715057373,Basic Materials,533511700480,456.45,0.83,365915
BDL.NS,0.2419806761801116,-0.11987788775835277,-0.17885768091677845,0.026860977696420717,-252.420166015625,1398.4681762695313,1577.9118768310548,Industrials,460988973056,1257.6,0.4,1719266
BEL.NS,0.7777978944467414,0.20546831388891024,-0.008240561708310133,0.016995971719163134,35.04998779296875,422.35899963378904,404.73480697631834,Industrials,3254313549824,445.2,0.53,17305917
BHARATFORG.NS,0.855248922803414,0.705130870321133,0.3303663761546414,0.0199234969466966,459.6644287109375,1550.3481689453124,1335.1471740722657,Consumer Cyclical,916017840128,1916.0,0.42,1192508
BHEL.NS,0.4210334050941769,0.27782315663795487,0.011800439443811065,0.02079358296636406,0.399993896484375,269.16199981689454,254.6049764251709,Industrials,925010100224,265.65,0.19,13119760
BPCL.NS,0.6835403193061378,0.31711202040942954,0.09097320169252468,0.01588686279119792,33.514312744140625,363.9645721435547,330.3282637023926,Energy,1677049331712,386.55,4.53,6310146
BHARTIARTL.NS,0.16458718489306523,0.009159215539276355,-0.03179762134330052,0.0123885837534498,-110.300048828125,2027.8980029296874,1973.5006256103516,Communication Services,11600598663168,1904.4,0.83,5688686
BHARTIHEXA.NS,0.26217950922784494,-0.0758173618940248,0.061302400426329444,0.020415214363477593,25.0,1693.873994140625,1754.2870709228516,Communication Services,819700039680,1639.4,0.6,176180
BIKAJI.NS,0.01185961752609435,-0.19676072681496184,-0.03503836535440844,0.015761567181312525,-64.9000244140625,684.2990014648437,727.3184777832031,Consumer Defensive,159001067520,634.5,0.16,185193
BIOCON.NS,0.2513101348978389,0.11870246986942226,0.062431911603519075,0.017751694790140368,12.050018310546875,380.85999938964846,370.2348956298828,Healthcare,630486663168,389.35,0.13,3282301
BSOFT.NS,-0.11480047099325894,0.07142208156981304,-0.06255231350331879,0.02314154928647163,-41.20001220703125,419.97699951171876,398.88741165161133,Technology,109251313664,392.0,1.69,1906498
BLUEDART.NS,-0.06879441029314014,0.007133303611234953,0.02831391114348143,0.019659414951692086,248.0,5554.64,5942.898374023437,Industrials,134003507200,5647.5,0.45,29343
BLUEJET.NS,-0.4925436357581872,-0.40105941331364614,-0.04416519977745362,0.03167032742492479,-84.45001220703125,457.6609991455078,668.4753086853027,Healthcare,69342806016,399.75,0.3,568817
BLUESTARCO.NS,0.01588727184561957,0.03507466743510137,0.07199071220222729,0.01906515248774825,141.5999755859375,1839.6419946289063,1801.91328125,Industrials,400079716352,1946.0,0.46,368352
BBTC.NS,-0.0025221448645950835,-0.02469667215011531,-0.0051827306634491645,0.019745901768143673,-105.1990966796875,1789.5449926757813,1870.4415258789063,Consumer Defensive,118207553536,1694.2,1.97,70299
BOSCHLTD.NS,0.36757092474045217,-0.09434434434434434,-0.0093074185600876,0.01546448944901675,-645.0,36459.7,36567.650234375,Consumer Cyclical,1068418990080,36215.0,1.39,24282
FIRSTCRY.NS,-0.42294952569772515,-0.39881283086336433,-0.21276212872349476,0.030553660788931996,-55.100006103515625,267.1379989624023,335.1830001068115,Consumer Cyclical,105644032000,217.75,,2619490
BRIGADE.NS,-0.2733369049089248,-0.23123167242680046,-0.056630077216267866,0.019560238899426586,-127.64996337890625,807.1470007324219,955.2866400146485,Real Estate,173331169280,708.65,0.35,335360
BRITANNIA.NS,0.2821621791580631,0.039320054945054944,0.032847026704206125,0.012427642769779023,154.5,5989.72,5820.2239672851565,Consumer Defensive,1457253122048,6050.0,1.22,290447
MAPMYINDIA.NS,-0.39814821451190957,-0.36998720984252315,-0.21621619373701403,0.019295852556613795,-438.39990234375,1409.280009765625,1674.3923889160155,Technology,56615030784,1034.6,0.33,119749
CCL.NS,0.7685871685012234,0.1705081525229328,0.05110544689566801,0.025613712181529767,48.91571044921875,971.2556298828125,907.3448318481445,Consumer Defensive,135495704576,1017.25,0.75,286711
CESC.NS,0.2276760037216646,0.08295885358418675,0.06193395594664952,0.018459198850530684,3.730010986328125,157.5670001220703,163.47411064147948,Utilities,211189891072,159.32,3.76,1572680
CGPOWER.NS,0.24947680097061128,0.04233584153593732,0.23636673346169823,0.020687092796383148,161.636962890625,642.8765112304687,687.5406155395508,Industrials,1137011851264,721.85,0.18,3753540
CRISIL.NS,-0.021762763184177313,-0.11034853794366975,-0.05201434201169023,0.018911592205325223,-326.5,4566.116025390625,4958.183608398437,Financial Services,323503947776,4420.0,2.5,57607
CAMPUS.NS,-0.022117067638929202,-0.018972054227006232,0.02310885342508739,0.016279908103493394,8.25,261.54799896240235,271.65568870544433,Consumer Cyclical,79102803968,258.85,0.23,355709
CANFINHOME.NS,0.5434471758149876,0.22695546064569008,-0.06284523122305759,0.01633411381467386,-45.550048828125,913.272998046875,826.2594696044922,Financial Services,116388012032,873.85,1.58,212217
CANBK.NS,0.9511474330069906,0.5141096401950268,0.06640895853018797,0.01696131815352255,0.0800018310546875,151.52399993896483,128.4294356918335,Financial Services,1424727343104,157.07,2.52,26205075
CAPLIPOINT.NS,-0.10436307031416411,-0.18078481504870322,-0.03213258876797619,0.022885868337266645,-109.2999267578125,1802.1139990234376,1997.2291430664063,Healthcare,130724577280,1716.9,0.35,68227
CGCL.NS,0.0008218670816446098,-0.11089047896760638,-0.06321839230159645,0.026165914050252367,-15.019989013671875,176.5392007446289,181.09633361816407,Financial Services,158360928256,164.59,0.12,1064832
CARBORUNIV.NS,-0.009733147785362481,-0.07531324295019291,0.05953321027957376,0.02032495041884334,21.03729248046875,824.9641748046874,903.1877954101562,Industrials,158704599040,833.6,0.48,173645
CASTROLIND.NS,-0.09165187633715972,-0.050195173710598257,0.017268574748679492,0.015935892064867344,2.0500030517578125,187.08159973144532,199.6352954864502,Energy,185262620672,187.3,5.6,2692412
CEATLTD.NS,0.42253760791953054,0.1605261658471096,-0.03370728033980055,0.0224386552969716,-158.39990234375,3816.51001953125,3671.2586450195313,Consumer Cyclical,146730172416,3637.2,0.81,127201
CENTRALBK.NS,-0.09581489104682905,0.17569050593082683,0.07293613465076106,0.019065506164819886,1.7874183654785156,37.53542694091797,37.2933203125,Financial Services,363517542400,40.14,1.95,7627181
CDSL.NS,0.12310261639339436,-0.09765513423320622,-0.0264353155844091,0.02238952861075333,-149.0,1389.6240014648438,1539.357192993164,Financial Services,268565004288,1285.0,0.96,1621372
CENTURYPLY.NS,0.0007352331211725548,0.03078675478616352,-0.06382183201299309,0.017304803324762377,4.79998779296875,784.9770007324219,770.8318395996093,Basic Materials,167107428352,752.15,0.13,82373
CERA.NS,-0.07405592410287268,-0.20809988794621417,-0.0106,0.017874301183876926,-249.0,5130.226005859375,5983.208332519531,Industrials,63792259072,4947.9,1.31,16634
CHALET.NS,0.11654931974718878,-0.1906315890888816,-0.06244263504571086,0.01838923088704044,-60.5,862.8409973144531,912.7464309692383,Consumer Cyclical,178819661824,816.7,0.24,156490
CHAMBLFERT.NS,-0.19063050386260494,-0.14679816814624583,0.033084084539710124,0.0183932909367325,15.75,452.04999938964846,500.7155635070801,Basic Materials,182617309184,455.8,2.18,1022114
CHENNPETRO.NS,1.0012480326896616,0.4460798768024237,0.0776514069024804,0.029430749029770723,73.3499755859375,862.4599987792968,790.1152716064453,Energy,139044896768,932.85,0.55,1149062
CHOICEIN.NS,0.5357920011887092,-0.06878140703517588,-0.03174186948003754,0.01792206065676884,-81.4000244140625,792.2899987792969,769.972998046875,Financial Services,165178228736,740.7,,623013
CHOLAHLDNG.NS,0.007355545951295452,-0.04554672179979054,-0.004352338167001746,0.024390995086524776,-125.2000732421875,1755.0440014648439,1877.5949243164061,Financial Services,309885730816,1648.1,0.08,185084
CHOLAFIN.NS,0.20430521143984337,0.21897256638963974,0.06140859614626389,0.01904430126733464,32.5699462890625,1700.8281396484374,1623.1180145263672,Financial Services,1473337622528,1729.9,0.11,1681627
CIPLA.NS,-0.05737909184899152,-0.15433499752119084,0.015181250442550982,0.012742120260329493,-53.4000244140625,1400.4200048828125,1489.992159423828,Healthcare,1085818732544,1344.2,0.96,1629731
CUB.NS,0.9802708620740757,0.46646261425509444,-0.04722452361226181,0.021675638760589255,14.5,285.72700134277346,236.7067375946045,Financial Services,213477457920,287.3,0.69,2170573
CLEAN.NS,-0.41983711695093245,-0.3902485573499148,-0.17106502106556826,0.019402499529992172,-146.7236328125,825.0807836914063,1094.3534130859375,Basic Materials,75786780672,711.85,0.83,283002
COALINDIA.NS,0.26003889231414473,0.18936003626672993,-0.015286167880694788,0.01310109064815367,2.973297119140625,416.6855163574219,381.351732635498,Energy,2637955858432,428.05,5.07,7686845
COCHINSHIP.NS,0.15051990004081514,-0.07354603178869765,-0.10570744361225921,0.02752915763273455,-42.066162109375,1545.018017578125,1755.232163696289,Industrials,389309825024,1479.4,0.88,847541
COFORGE.NS,-0.18894505383493165,-0.29881639592694886,-0.27228203865830425,0.02261195754343041,-524.6708984375,1587.8633764648437,1719.9291381835938,Technology,404736442368,1204.8,1.33,2742905
COHANCE.NS,-0.7130258309635817,-0.6509493587124926,-0.20207183388320468,0.023127906271623682,-121.70001220703125,415.3160009765625,770.2832495117187,Healthcare,116472569856,304.45,,913909
COLPAL.NS,-0.06984686659602235,-0.014630235170243342,0.07515852339146002,0.01349056222091376,168.300048828125,2132.8039965820312,2250.430033569336,Consumer Defensive,618223370240,2273.0,2.22,352741
CAMS.NS,0.07163450470618948,-0.06481788355271909,-0.01158188322329208,0.019496859081234993,-37.20208740234375,725.4145336914063,767.1036282348633,Technology,170237280256,686.75,1.74,1085139
CONCORDBIO.NS,-0.21468022916514326,-0.2578291337909694,0.055309736811326365,0.02687897743348548,-110.800048828125,1259.9519946289063,1546.474711303711,Healthcare,129922867200,1241.9,0.85,413740
CONCOR.NS,-0.05222796895592327,-0.05256981519627418,-0.01021929297104913,0.016464661260757293,-22.43194580078125,508.0512030029297,542.2636944580078,Industrials,375934615552,493.6,2.72,1319885
COROMANDEL.NS,0.35502160515523273,-0.0240142754362676,-0.01268358964485627,0.021293094251041013,-67.6845703125,2290.3265234375,2298.51669921875,Basic Materials,663642898432,2245.0,0.64,289205
CRAFTSMAN.NS,0.8302686469261753,0.09753821861767029,0.04496378297116305,0.02319960081342346,-122.0,7626.47,6699.97908203125,Consumer Cyclical,182197026816,7643.5,0.06,50134
CREDITACC.NS,0.3268824785657565,-0.07921996034001103,-0.02826988315114964,0.025542144110358236,-10.4000244140625,1296.1499975585937,1297.295,Financial Services,206095417344,1287.2,,834840
CROMPTON.NS,-0.19699954260570635,-0.2146969881924716,0.17024157808886092,0.01611630958807604,7.9499969482421875,251.87019897460937,297.26877479553224,Consumer Cyclical,169203400704,258.88,1.14,3300836
CUMMINSIND.NS,0.7725522673114678,0.29014299117124076,0.2003270407995921,0.016655869004105067,870.38720703125,4324.0552978515625,3924.910526123047,Industrials,1362049892352,4913.6,1.08,594869
CYIENT.NS,-0.27756851639747065,-0.19970639418227942,-0.1895263648176641,0.018439794597858536,-278.5999755859375,1096.239998779297,1179.0471432495117,Industrials,101857452032,922.5,3.47,389008
DCMSHRIRAM.NS,0.12480119986995328,-0.14352547323886086,-0.10536601503771867,0.023591998634314108,-105.288330078125,1163.3887841796875,1210.1137194824219,Industrials,163190784000,1052.5,1.33,160692
DLF.NS,-0.05140900418197326,-0.1814491276651007,-0.04844669727560952,0.01835390847854385,-44.89996337890625,654.3880017089843,743.4573864746094,Real Estate,1497736806400,604.85,0.98,3242301
DOMS.NS,-0.07724927204575918,-0.04683488737265109,-0.028127623845507977,0.02122562156768527,-228.199951171875,2462.6319921875,2485.7915197753905,Industrials,140522995712,2315.0,0.13,66572
DABUR.NS,0.03916911089038048,-0.006392538682447747,0.01667978994798217,0.012679671398787356,0.5,510.51000061035154,504.8869854736328,Consumer Defensive,912918315008,514.7,1.53,1669424
DALBHARAT.NS,0.16972668361756357,-0.15936527466349157,-0.024449285887194385,0.01460635831942498,-147.39990234375,2113.663986816406,2157.306322631836,Basic Materials,378461257728,2016.0,0.44,278728
DATAPATTNS.NS,1.1075869923653696,0.32969865784639074,0.1958230187926507,0.03256193832230722,653.0,2677.254013671875,2745.992850341797,Industrials,178812796928,3194.0,0.24,636717
DEEPAKFERT.NS,-0.04540964842352267,-0.29169231701464765,-0.07558253943698742,0.023857793572862523,-222.199951171875,1131.6320043945314,1385.6934716796875,Basic Materials,123395743744,976.5,1.01,323714
DEEPAKNTR.NS,-0.15968786360580395,-0.11795962947267113,-0.039878234398782346,0.01615522393701682,30.5999755859375,1631.552001953125,1774.6272576904296,Basic Materials,215091822592,1577.0,0.47,153017
DELHIVERY.NS,0.71411839414482,-0.06227965955930803,0.03771126901314691,0.020983513265815833,37.449981689453125,416.2720025634766,423.6732502746582,Industrials,329662595072,438.95,,2279513
DEVYANI.NS,-0.26597831361335533,-0.2696016581999744,0.09528317839340765,0.02119445620842159,-4.8800048828125,131.7,156.09160007476805,Consumer Cyclical,156891578368,127.25,,4703473
DIVISLAB.NS,0.15305948296387833,0.05129250591209329,0.06527846636919517,0.015954860328262595,210.0,6289.02,6383.946467285156,Healthcare,1711343140864,6446.5,0.46,351128
DIXON.NS,-0.2629259552052589,-0.38948278161194333,-0.024985640436530728,0.022385185484440327,-547.0,11401.62,14720.030517578125,Technology,619247763456,10200.0,0.08,676645
AGARWALEYE.NS,0.10033158962517758,0.020268717314447602,0.035239745811669554,0.0191663315898444,-37.04998779296875,473.18000061035156,458.24550033569335,Healthcare,142230732800,448.95,,161403
LALPATHLAB.NS,0.18756887180709703,-0.15687728263258777,-0.012584154902583345,0.016261958174050625,-6.1221923828125,1418.6755126953126,1498.120189819336,Healthcare,231775879168,1388.1,0.92,295786
DRREDDY.NS,0.16142184190447106,0.030870585800919698,0.06641492983787928,0.013034095323747134,123.5,1246.9780053710938,1258.9299572753907,Healthcare,1081173016576,1298.6,0.61,1529119
EIDPARRY.NS,0.2734191809943388,-0.22721623532917237,-0.05752353698442284,0.01898757776616945,-61.0,942.3869995117187,1034.028501586914,Basic Materials,155183235072,871.85,,191166
EIHOTEL.NS,-0.03303575420770476,-0.20438593431821742,0.00921959792276719,0.019953016280241733,-23.399993896484375,340.7860009765625,369.92928314208984,Consumer Cyclical,198521864192,317.45,0.47,836502
EICHERMOT.NS,0.6597833124902227,0.3250860232672456,0.1354159354159354,0.013327991492883454,772.0,7457.61,6539.387395019531,Consumer Cyclical,2218241818624,8086.5,0.85,475519
ELECON.NS,-0.028476052901734116,-0.23222702761417213,0.038103375546199955,0.028830742113502773,31.75,438.41700134277346,548.2519288635253,Industrials,95010930688,423.4,0.47,925709
ELGIEQUIP.NS,0.20037680398866747,0.14771639459121289,0.2559136652643585,0.024900213889375314,110.19998168945312,475.14800048828124,498.4720292663574,Industrials,171048468480,541.65,0.41,632960
EMAMILTD.NS,-0.11733412557715005,-0.16564156147316086,-0.018350462171916604,0.01679093510459269,-30.215972900390625,497.5682684326172,541.7023651123047,Consumer Defensive,204585074688,468.65,2.53,566167
EMCURE.NS,0.505974725312439,-0.0006128451784179086,0.0026642315983471557,0.022924536428768617,-90.800048828125,1473.0100024414062,1380.8572326660155,Healthcare,277628977152,1464.5,0.21,158434
ENDURANCE.NS,0.4635663290953122,-0.08174149331034444,0.08550354204096851,0.02141950853455125,108.300048828125,2529.530009765625,2648.737021484375,Consumer Cyclical,370899812352,2636.8,0.38,75080
ENGINERSIN.NS,0.40140749737229536,0.13104121405782915,0.2941380841217823,0.025051918402650763,36.029998779296875,194.8309994506836,204.48788162231446,Industrials,125451968512,223.03,1.34,8635068
ERIS.NS,0.12454757112107163,-0.23737796373779638,-0.0061795710650672485,0.020244570434029482,-85.9000244140625,1448.913994140625,1605.0494982910157,Healthcare,186208501760,1367.0,0.97,128787
ESCORTS.NS,0.2272629074456567,0.0005649100490441507,0.05590851094405244,0.018544132726462555,-108.039306640625,3629.115390625,3536.257049560547,Industrials,390720749568,3551.2,1.28,108011
ETERNAL.NS,0.09478696887117669,-0.205229793977813,-0.08351610231642467,0.022135069717293378,-36.95001220703125,279.2620004272461,291.4110495758057,Consumer Cyclical,2286237253632,250.9,,42391414
EXIDEIND.NS,-0.04764330696478027,-0.15242900667882492,0.04430970065160152,0.014673477875562644,-8.25,344.10200073242186,377.24858337402344,Consumer Cyclical,285763895296,336.1,0.59,1510007
NYKAA.NS,0.6444487368099975,0.14807741904686766,0.11254741467927631,0.01749027292437629,11.3800048828125,258.35560028076173,237.12269966125487,Consumer Cyclical,755961888768,264.04,,6477132
FEDERALBNK.NS,0.6806964276924893,0.5572999704630096,0.03753253794254996,0.015097861143468807,28.29998779296875,276.3030010986328,229.72849090576173,Financial Services,734031904768,298.45,0.4,9199385
FACT.NS,-0.019137145994439185,-0.2069529098563956,-0.10229566916800581,0.026635180255680634,-100.5,827.652001953125,907.8017593383789,Basic Materials,473915555840,732.4,0.05,237720
FINCABLES.NS,0.05823663538621294,0.08320079245860387,0.21869160568643994,0.019183629780603943,100.29998779296875,775.2160046386718,835.07111328125,Industrials,134747209728,881.05,0.97,226483
FINPIPE.NS,0.05873139785153169,-0.10464812100666884,0.037238607929277676,0.019113433147608792,6.339996337890625,177.36639923095703,193.62540222167968,Industrials,113040154624,182.82,1.09,625843
FSL.NS,-0.3820355156925586,-0.371912198256133,-0.3107430626279738,0.02417444773149271,-103.6783447265625,297.44217407226563,336.5078297424316,Technology,149090697216,215.7,2.5,904398
FIVESTAR.NS,-0.4256103366025331,-0.2323639973084285,-0.08235555939298166,0.023830240831843832,-97.19998168945312,490.6740026855469,593.2307931518554,Financial Services,123111669760,417.8,0.47,1416411
FORCEMOT.NS,2.843381328434095,0.30265901674700463,0.31888512633498306,0.03376150261830776,4751.0,21208.52,17640.90463378906,Consumer Cyclical,332502958080,25235.0,0.16,91070
FORTIS.NS,0.5568081446817015,0.0505211056423135,0.12454490639221227,0.017536921946234726,61.0999755859375,894.3229992675781,889.4372583007812,Healthcare,722834685952,957.45,0.1,1849962
GAIL.NS,0.09490474175668627,0.002451938103881808,0.03708754788441394,0.015917809617436343,8.974624633789062,163.26105407714843,172.31585273742675,Utilities,1106257117184,168.25,7.35,11298708
GVT&D.NS,1.799516097060746,0.38518279318068277,0.19174686344336755,0.02670054902375031,1228.39990234375,3212.4439892578125,2818.110311279297,Industrials,986035191808,3851.0,0.13,719318
GMRAIRPORT.NS,0.4613941520895391,0.17648428599122784,0.07849614223551256,0.01690913756512056,1.3600006103515625,99.49499954223633,93.3477997970581,Industrials,1069201948672,101.25,,17360812
GRSE.NS,0.87535909818635,0.04457763308932839,-0.11505320956089314,0.03461626383787897,22.008544921875,2442.48361328125,2621.780119628906,Industrials,278979772416,2435.0,1.08,1226757
GICRE.NS,0.01467218123135394,0.08791613243938438,0.01838384454819049,0.01740565978294678,24.95001220703125,376.5459997558594,378.30189682006835,Financial Services,675707158528,385.15,2.57,470106
GILLETTE.NS,0.06312642524802886,-0.14901271269537542,-0.023726724539305324,0.017267126986023656,584.0908203125,8199.835810546874,9153.841955566406,Consumer Defensive,274172002304,8414.0,2.0,29012
GLAND.NS,0.1432007978252484,-0.028831896865727707,-0.007689781955818161,0.015870422890383325,128.2000732421875,1757.5619995117188,1816.4552752685547,Healthcare,301701955584,1831.2,0.97,170192
GLAXO.NS,0.004263736189073104,-0.06707362615013465,0.08186202761545901,0.020773151869071516,252.800048828125,2477.88400390625,2775.6270971679687,Healthcare,440150753280,2598.2,1.6,82406
GLENMARK.NS,0.6184574210420049,0.10483961194566221,0.051837827602616966,0.018696541457276276,119.699951171875,2014.47599609375,1912.2112713623046,Healthcare,600108826624,2125.8,0.24,537223
MEDANTA.NS,-0.03040872148769795,-0.15829694323144106,0.09745677207557749,0.019114664361570215,12.300048828125,1145.1999951171874,1243.9562420654297,Healthcare,310410575872,1155.5,0.04,172664
GODIGIT.NS,0.1268520237365484,-0.07754151584281542,0.04282860864850613,0.017004419299111857,12.45001220703125,333.07600036621096,345.6427503967285,Financial Services,313102270464,338.75,,362666
GPIL.NS,0.6720987842388639,0.1704965758012079,0.09456740442655935,0.02571567358399002,14.45001220703125,259.0155993652344,232.1033920288086,Basic Materials,176275505152,271.75,0.37,1980996
GODFRYPHLP.NS,0.16964962895330277,-0.4322863192911098,0.017243968389216408,0.03491446679815835,-174.199951171875,2262.3180224609373,2865.864962158203,Consumer Defensive,323178594304,2071.9,1.77,1189855
GODREJAGRO.NS,-0.16006884681583478,-0.17600971219981737,0.14328556640637735,0.02004028087826295,69.95001220703125,573.9690002441406,678.0973977661133,Consumer Defensive,117721751552,611.55,1.78,298943
GODREJCP.NS,0.1761103066230846,-0.012846068462486211,0.053634889284730994,0.013971478021516076,-15.546875,1207.0575512695314,1191.0087890625,Consumer Defensive,1244879388672,1216.6,1.61,976852
GODREJIND.NS,-0.08437455559615507,-0.18094617494813847,0.034390720500582284,0.02069812429263087,-9.9000244140625,1007.1429956054687,1115.7992468261718,Industrials,336686972928,999.65,,112513
GODREJPROP.NS,-0.08650251385845042,-0.0904656546640362,0.12347789519449574,0.02226447518168186,-117.5,1844.7780029296875,2086.0050048828125,Real Estate,534731620352,1775.3,,1157065
GRANULES.NS,0.15550916037743368,0.24986623863028357,0.023484095666674868,0.02021055064656474,0.9000244140625,585.9629992675781,535.795198059082,Healthcare,141766787072,584.15,0.25,1006284
GRAPHITE.NS,0.9252105044287843,0.4579092208374602,0.20638267768245958,0.026929228633436508,105.1500244140625,639.44900390625,572.0560111999512,Industrials,145264328704,743.05,1.51,1484670
GRASIM.NS,0.21125376255472034,0.017437635336812193,0.0017736786094359701,0.012835972688454201,14.39990234375,2837.3519921875,2781.8724475097656,Basic Materials,1915683602432,2823.8,0.35,578834
GRAVITA.NS,-0.05104469044524122,-0.012718389953048487,-0.0033034459906971223,0.025616470548308696,5.699951171875,1681.0420092773438,1734.2695025634766,Industrials,116677451776,1601.9,0.71,187257
GESHIP.NS,0.645585792424335,0.4667192488899389,0.12417858810989638,0.018252519597533004,228.4249267578125,1184.5138818359376,1043.559125061035,Industrials,191550701568,1341.7,2.14,397614
FLUOROCHEM.NS,-0.07913128722946182,-0.00041200542441604117,0.116751269035533,0.017968789052170295,-4.60009765625,3418.8260009765627,3543.4727673339844,Basic Materials,374258958336,3407.0,0.09,68304
GUJGASLTD.NS,0.08349332879378525,-0.017979125885093417,-0.04513932510055877,0.015307640665118439,-4.050018310546875,412.0379998779297,429.0826333618164,Utilities,279486398464,406.0,1.42,409594
GMDCLTD.NS,1.3512348611568934,0.4598790514425539,0.0016443309511575076,0.032874977222309004,22.25,571.9959973144531,496.9776808166504,Energy,184057348096,578.7,1.75,4999746
GSPL.NS,0.1096962569537449,0.06522439214285661,-0.00016420981465731395,0.015983181945255023,-0.4000244140625,303.31499938964845,309.7171578979492,Utilities,172140658688,305.0,1.64,846129
HEG.NS,0.7239136284959509,0.2872294636515828,0.09723249484692112,0.0253115837839961,17.45001220703125,562.5730004882812,527.0377239990235,Industrials,114271649792,592.15,0.31,2295343
HBLENGINE.NS,0.5247769269573803,-0.11430550926788917,-0.11839166342716158,0.03173828617317103,-104.95086669921875,801.7221838378906,766.5866961669922,Industrials,190821007360,688.4,0.29,2120807
HCLTECH.NS,-0.11647678119561888,-0.029448582374434436,-0.17981837037282344,0.01574179391337897,-307.300048828125,1597.3856811523438,1556.0868591308595,Technology,3763021545472,1390.8,3.93,2783806
HDFCAMC.NS,0.5029621738250961,-0.003844041735310269,0.08160752586272906,0.01761491656266438,124.60009765625,2651.6719970703125,2675.2804357910154,Financial Services,1167354757120,2725.5,1.63,959634
HDFCBANK.NS,0.06727092513817329,-0.059005847855694314,-0.03637340628783293,0.009563893520390861,-35.64996337890625,943.1109985351562,971.7382788085938,Financial Services,13766888521728,894.65,1.22,24849917
HDFCLIFE.NS,0.17513438819596874,-0.06133019407369613,-0.008618314354266417,0.012284558224406654,-7.8499755859375,734.862998046875,757.741450805664,Financial Services,1563880062976,725.0,0.29,2633394
HFCL.NS,-0.16958674751668468,-0.0168181986806581,0.004955492418977299,0.024792823837782647,0.9300003051757812,67.23740028381347,74.81862493515014,Technology,105445220352,68.91,0.14,24473299
HAPPSTMNDS.NS,-0.4729652508318642,-0.35055193463556134,-0.11707787762716747,0.01768684016251159,-61.850006103515625,420.1179992675781,526.958095703125,Technology,54774267904,364.6,1.72,421394
HAVELLS.NS,-0.029683859280295762,-0.0805076821851349,0.08832684824902724,0.013876827899791057,-23.25146484375,1393.3630615234374,1480.1513677978517,Industrials,877583859712,1399.0,0.71,694996
HEROMOTOCO.NS,0.582551166484349,0.1520050095886658,0.0590994092172968,0.016237150479012866,205.5498046875,5599.767109375,5090.504158935547,Consumer Cyclical,1150116036608,5748.0,3.02,596029
HEXT.NS,-0.41540121532005775,-0.39689971861416506,-0.31904521781601847,0.024936668479552313,-263.5,669.9519982910156,738.019333190918,Technology,289439350784,475.0,4.87,1123893
HSCL.NS,0.14511739724336414,0.08185691971207668,0.046988592287540695,0.02180995977458643,9.699981689453125,470.377001953125,469.3281787109375,Basic Materials,243375849472,481.75,0.12,1292294
HINDALCO.NS,0.4876877853288206,0.3258043491850751,-0.030438384101489052,0.017067460086250447,-1.35003662109375,925.78400390625,777.7646188354493,Basic Materials,2085289197568,932.65,0.53,5852969
HAL.NS,0.24107088584801276,-0.07426280824963401,-0.13173806087602585,0.018892097393944894,-414.407958984375,4285.892124023438,4577.091380615235,Industrials,2658380546048,3975.0,1.25,1327024
HINDCOPPER.NS,1.7733823293694286,1.565529606425046,-0.14449735587907694,0.03467952627120218,25.2987060546875,553.3418395996093,353.49010940551756,Basic Materials,567088250880,586.2,0.42,38235642
HINDPETRO.NS,0.48375168758283305,0.180839160563811,0.0288055920210041,0.018875689372895063,-18.600006103515625,454.6640008544922,429.2746923828125,Energy,933688442880,438.8,3.49,4237222
HINDUNILVR.NS,0.06198912616817047,-0.1129777908772849,-0.013527221936894226,0.011832490963838715,-19.5,2357.3159912109377,2419.6981005859375,Consumer Defensive,5504716767232,2342.5,1.8,1533822
HINDZINC.NS,0.5236936617141849,0.4672630278212582,-0.021241011274363564,0.02352567663161783,-22.5999755859375,627.9839953613281,503.9058427429199,Basic Materials,2598571081728,615.0,4.76,15684066
POWERINDIA.NS,1.2135640007591613,0.3392464678178964,0.35685505248648075,0.029620682275020266,9379.0,19783.44,19383.448540039062,Industrials,1140781744128,25575.0,0.02,168965
HOMEFIRST.NS,0.2485271541148865,-0.05530939255242858,-0.02333078912293093,0.026248757986007714,67.7999267578125,1133.327998046875,1219.700516357422,Financial Services,119992664064,1151.5,0.31,525465
HONASA.NS,0.36923905238775995,0.04552431748854433,0.10946263554149845,0.02319409543030425,20.70001220703125,286.3310021972656,288.63150062561033,Consumer Defensive,99760676864,306.5,,1391723
HONAUT.NS,-0.07869719712652591,-0.20235806740997053,-0.06756554307116105,0.014424683604350617,-2845.0,32682.3,36131.99359375,Industrials,275374047232,31125.0,0.34,6636
HUDCO.NS,0.11122258755921031,-0.06900624197958301,-0.01552731530362925,0.021643072952026443,-26.438766479492188,205.3983724975586,218.84462966918946,Financial Services,375015931904,187.33,2.84,4425216
HYUNDAI.NS,0.26576934277454595,-0.12209393361526,-0.01648299425221232,0.01821871907023709,-180.39990234375,2251.8619970703126,2252.322263183594,Consumer Cyclical,1754276298752,2159.0,0.96,587463
ICICIBANK.NS,0.15209942892828282,-0.00014313437916620164,0.03143909637338561,0.010548462450393212,-13.2000732421875,1385.7780053710937,1400.6846765136718,Financial Services,9990129582080,1396.1,0.78,12095042
ICICIGI.NS,0.13651966432124507,0.047096383004389265,0.05837606848534231,0.014868610483442311,49.800048828125,1906.3039892578124,1927.4409399414062,Financial Services,960226197504,1920.6,0.67,601734
ICICIPRULI.NS,0.18191268599858978,0.10144209235260038,0.037450007906729345,0.013325184362336682,-17.29998779296875,657.2669995117187,630.7696975708008,Financial Services,955944140800,660.1,0.13,1245950
IDBI.NS,0.6308934538076288,0.3236839494527443,0.13889727702563798,0.023448585756131776,8.849998474121094,105.1797998046875,97.32930233001709,Financial Services,1217397653504,113.21,1.85,17063874
IDFCFIRSTB.NS,0.22181788994128163,0.060744300817419127,-0.13711412818149304,0.01971781637051185,-11.669998168945312,82.71920028686523,75.8258459854126,Financial Services,618779705344,71.97,0.34,42320499
IFCI.NS,0.4085466415482422,0.17443225387660755,0.08894538958625733,0.031246561864298823,-0.6799964904785156,56.81679977416992,56.74279987335205,Financial Services,161768423424,59.95,,33103930
IIFL.NS,0.5799223683484206,0.17090128728210377,-0.059958410204496056,0.025822479891431844,-131.9959716796875,563.3071539306641,503.173716583252,Financial Services,211231981568,496.75,0.79,2288373
INOXINDIA.NS,0.2234396156015606,0.017526821000200768,0.030202500176683588,0.017169531386053427,29.4000244140625,1128.8519995117188,1170.973843383789,Industrials,104296341504,1149.1,0.17,53203
IRB.NS,-0.08085667820533037,-0.03232324619990726,-0.0024525966947971938,0.01678644117584337,-0.051822662353515625,41.68600975036621,44.491060981750486,Industrials,250014613504,41.4,0.67,7291143
IRCON.NS,-0.022812485155565516,-0.09290761891336359,-0.11839488160821302,0.025770403413860665,-17.766403198242188,159.13834899902344,172.08445541381835,Industrials,134888759296,143.42,1.52,4927281
ITCHOTELS.NS,0.08997154406429911,-0.26198939725645476,-0.02351183961691963,0.019382999232919963,-10.389999389648438,187.38160003662108,213.38349967956543,Consumer Cyclical,368325689344,176.74,,2796015
ITC.NS,-0.18573883700477145,-0.2163729910099351,-0.0032867099523681905,0.011608645783350415,-7.9423828125,336.2491204833984,386.4607095336914,Consumer Defensive,3938563391488,314.35,4.51,24822785
ITI.NS,0.05077217720650338,-0.04223121681421394,-0.05814160789344333,0.02495764650418915,-29.800018310546875,294.92500061035156,308.44549911499024,Technology,262462996480,272.15,,1297608
INDGN.NS,0.005540917874548768,-0.06868891911946853,0.04695272426007683,0.02034057505265941,8.5,498.7289990234375,545.1927886962891,Healthcare,121696591872,506.4,0.4,289084
INDIACEM.NS,0.6752484185361287,0.08309308573271625,-0.09722525412534036,0.023366315441187772,-65.3499755859375,447.78900329589845,391.0032513427734,Basic Materials,191609208832,412.2,,688798
INDIAMART.NS,0.12503021689823,-0.167911543860477,-0.01852936395704083,0.017293865858857036,-127.89990234375,2204.266005859375,2397.639758300781,Communication Services,129828806656,2161.3,1.38,113710
INDIANB.NS,0.931887059106464,0.5044403989013485,0.07771193883657501,0.01857470022722548,130.45001220703125,870.2630004882812,749.0425680541993,Financial Services,1323933630464,982.55,1.64,2107590
IEX.NS,-0.1740611806679726,-0.07984083219348273,0.01457726622181857,0.02778247035676639,-10.525192260742188,131.17032897949218,151.02175621032714,Financial Services,112985604096,127.05,2.35,15522534
INDHOTEL.NS,-0.0640743638486214,-0.1087744725060144,0.0026700107213275107,0.017098770636244355,-8.5,695.3379992675781,735.7187728881836,Consumer Cyclical,962524872704,676.2,0.33,2534645
IOC.NS,0.6978936197226638,0.4162125270811772,0.15002443892591363,0.013997046655749535,26.409988403320312,167.51700073242188,150.60382598876953,Energy,2651121516544,187.74,4.29,13429338
IOB.NS,-0.19714908255691135,-0.038855330436006176,0.027504897919111076,0.019467894375794062,0.529998779296875,35.397400283813475,37.91130020141602,Financial Services,704796033024,36.58,,7789962
IRCTC.NS,-0.1441377630628088,-0.14235281368825708,-0.054284301090140645,0.013390247196089269,-38.20806884765625,635.9952807617187,701.3733038330079,Consumer Cyclical,468920008704,586.25,1.6,1596911
IRFC.NS,-0.13824605853229974,-0.12729597599841783,-0.14895919747662062,0.019108611949782174,-19.980003356933594,117.6829995727539,125.01496910095214,Financial Services,1335862755328,102.22,2.57,19292914
IREDA.NS,-0.26370787028590137,-0.1274021460916648,-0.07177470643178514,0.021705993939057807,-13.689994812011719,132.8747996520996,149.03715015411376,Financial Services,343849926656,122.4,,9055111
IGL.NS,-0.10789378845110421,-0.15428127728316923,-0.023987455628771658,0.018267817127605175,-7.1497802734375,177.44174346923828,197.06080520629882,Utilities,238654849024,170.31,2.76,2515744
INDUSTOWER.NS,0.3467848863058943,0.3453927335538783,0.02532072993268274,0.01770256198411201,21.699981689453125,440.0599981689453,394.03824920654296,Communication Services,1201223368704,455.5,,7107925
INDUSINDBK.NS,-0.08947164206328344,0.2887761836280849,0.06355319022276845,0.02521618220528889,-0.79998779296875,905.7480017089844,828.8737509155274,Financial Services,742849052672,953.5,,3999431
NAUKRI.NS,-0.2909690869219662,-0.23118988482214373,-0.16577104450954896,0.018770298872960535,-286.185302734375,1245.1462158203126,1351.627509765625,Communication Services,673400356864,1040.0,0.91,1282591
INFY.NS,-0.2370392490683487,-0.09675090885983052,-0.20329066153926723,0.016495093144718424,-382.4000244140625,1553.1380004882812,1525.2272485351561,Technology,5292167266304,1308.1,3.49,10105790
INOXWIND.NS,-0.40812018345670126,-0.32978567211587667,-0.1423939447743243,0.02400626434057226,-21.029998779296875,111.29679992675781,144.13823600769044,Industrials,159969886208,92.51,,9130684
INTELLECT.NS,-0.0051525995815835555,-0.2893982646953286,-0.24001311684701887,0.028986984088397203,-227.199951171875,861.4250012207032,1011.943037109375,Technology,96209371136,694.85,0.57,378136
INDIGO.NS,0.10061002356591515,-0.13528158070979454,0.06215603074350049,0.017172902871595595,142.2001953125,4919.916005859375,5484.450854492187,Industrials,1888990134272,4886.0,0.2,2015695
IGIL.NS,-0.16359651444261367,-0.048059572557648915,0.056657001585326563,0.026327369838257522,13.163116455078125,319.57636169433596,346.6066647338867,Basic Materials,140884049920,326.0,1.52,723371
IKS.NS,-0.2379862987711276,-0.09727772642736517,-0.09826663934590639,0.02289563333469,-302.199951171875,1646.2339990234375,1604.3304962158204,Healthcare,234499964928,1399.9,,174510
IPCALAB.NS,0.12155428010475061,0.08071906943954882,0.04228987565062528,0.021177898246948507,23.0999755859375,1463.6459985351562,1406.8526483154296,Healthcare,390416596992,1533.3,0.26,219103
JBCHEPHARM.NS,0.32953837255149854,0.21185377927297555,0.11773174970155396,0.016302377408921973,184.3739013671875,1888.4172314453126,1748.1219549560547,Healthcare,333379960832,2076.0,1.22,215122
JKCEMENT.NS,0.25446548052391044,-0.18620888217087742,0.02344527926133792,0.01885572015668531,-232.0,5686.4,6070.045183105469,Basic Materials,437029208064,5656.0,0.26,99886
JBMA.NS,0.01856501861916067,-0.0658879089045054,-0.01471498621149729,0.028063057401226072,-37.04998779296875,589.5330017089843,637.115517578125,Consumer Cyclical,131460415488,555.65,0.15,1476813
JKTYRE.NS,0.9224968775627272,0.6232472244362023,0.002309047871550184,0.021776617502154025,17.500030517578125,523.9970025634766,417.1081988525391,Consumer Cyclical,150318350336,521.0,0.57,1450645
JMFINANCIL.NS,0.40600970532137837,-0.25349538652648856,0.017448623910422446,0.029030751116518188,-6.2299957275390625,136.8581999206543,152.46727382659913,Financial Services,125302824960,131.02,3.16,4196851
JSWCEMENT.NS,-0.13069078530894268,-0.14451250001542018,0.11190899080744784,0.018838962513379416,5.25,120.05880020141602,,Basic Materials,169758048256,126.82,,3188418
JSWENERGY.NS,0.07386518707685942,0.004708747539131788,0.06731190306374457,0.019052985304619068,-2.04998779296875,483.2589996337891,507.60027755737303,Utilities,861731356672,490.7,0.4,3028998
JSWINFRA.NS,-0.01715332217250011,-0.15278242309565385,-0.01644100580270793,0.017782105626221012,-3.45001220703125,267.5090014648438,291.7372082519531,Industrials,529935630336,254.25,0.31,1263231
JSWSTEEL.NS,0.30432346636057284,0.23543744300620684,0.044384077182532004,0.015408914095885727,81.0,1193.652001953125,1110.7737515258789,Basic Materials,3098770145280,1268.5,0.22,1671823
JPPOWER.NS,0.04020096580574455,-0.212071764435487,-0.04608293802516834,0.03136473465681636,-1.75,15.962800064086913,17.91575003147125,Utilities,99364421632,14.49,,37546307
J&KBANK.NS,0.27813024070262526,0.2262434825826596,0.1584376288066005,0.021553037411276944,18.590003967285156,103.68059997558593,104.18654865264892,Financial Services,133342183424,121.09,1.77,3540888
JINDALSAW.NS,-0.2174031126090672,-0.05773227116050098,0.057632072468525114,0.026931288172708054,31.259994506835938,176.535400390625,196.37542488098146,Basic Materials,118465904640,185.86,1.06,5766747
JSL.NS,0.3395343128696113,0.044675484163764316,-0.03221688698957212,0.021817589238370995,-16.24468994140625,795.4815161132813,745.634849243164,Basic Materials,655845031936,796.2,0.37,681379
JINDALSTEL.NS,0.46171073155774023,0.3295622924825634,0.11086572438162544,0.017363191212760757,214.5999755859375,1109.1519982910156,1025.7398083496093,Basic Materials,1279593021440,1257.6,0.16,1423667
JIOFIN.NS,0.15561067947177548,-0.17510481129636524,0.005108067001013016,0.01741787110147297,-22.999984741210938,275.1990002441406,299.27810943603515,Financial Services,1624815960064,255.75,0.2,10745225
JUBLFOOD.NS,-0.2350676612628061,-0.18391081195863201,0.03068101875973072,0.01661012402997832,-15.5,530.9839971923828,610.7405516052246,Consumer Cyclical,336896557056,512.25,0.23,1945287
JUBLINGREA.NS,-0.09501006108301438,-0.19354193012376603,-0.07909527037642385,0.0257710171841513,-115.80718994140625,662.2291882324218,700.2279550170898,Basic Materials,92146442240,582.85,0.84,216433
JUBLPHARMA.NS,-0.030944821413819115,-0.14206820355234043,-0.10606988677509487,0.022065387262565947,-167.8499755859375,987.2219995117188,1081.2384805297852,Healthcare,139096571904,877.65,0.57,129373
JWL.NS,-0.10402121959746823,-0.1574555248687278,-0.17269637340003288,0.027207023117752617,-54.95001220703125,308.45100006103513,333.0544609832764,Industrials,114428428288,267.75,0.72,7629393
JYOTHYLAB.NS,-0.2439725917915284,-0.2655699045751893,0.0052271936779651855,0.015962361574527302,-4.649993896484375,258.61539947509766,307.7223389434814,Consumer Defensive,91730182144,249.8,1.38,475722
JYOTICNC.NS,0.022905553812362724,-0.10557507782953575,0.01072738224835553,0.026474230589487144,-109.04998779296875,886.8269995117188,977.7817535400391,Industrials,185327091712,814.9,,429707
KPRMILL.NS,0.11629820069937066,-0.07716464980058854,0.046845876004387964,0.026422727785488768,72.68182373046875,906.0625183105469,1035.4075006103515,Consumer Cyclical,310839214080,907.5,0.55,559381
KEI.NS,0.6568166706901669,0.3039616584194791,0.23423935725766898,0.020843331803030024,598.06787109375,4402.494038085937,4047.6332043457032,Industrials,473605341184,4954.0,0.09,266836
KPITTECH.NS,-0.3629107251357729,-0.33330171423474003,-0.2382145842754499,0.022571604298948472,-392.6011962890625,1050.2511486816406,1191.7008834838866,Technology,215522394112,791.2,1.04,1098018
KSB.NS,0.2996764436799822,-0.047584511038132674,0.11070313757067154,0.018081873791058755,46.39996337890625,731.1840026855468,790.291501159668,Industrials,136890540032,786.55,0.56,394369
KAJARIACER.NS,0.10975044610379202,-0.19745852729859215,0.06527034772317365,0.01777642087537568,-37.6500244140625,968.9939990234375,1097.8290475463866,Industrials,153283657728,962.4,1.25,254993
KPIL.NS,0.3471128322684645,-0.051130561661902656,0.052797224138166524,0.02012376620141784,55.300048828125,1144.2840087890625,1192.6082705688477,Industrials,205541834752,1203.6,0.75,146399
KALYANKJIL.NS,-0.12436334331753392,-0.18506650189199264,0.1327250126091226,0.025321838151541733,-57.850006103515625,439.40200073242187,503.15126953125,Consumer Cyclical,422369918976,408.8,0.37,6179014
KARURVYSYA.NS,0.9337021717086957,0.5638869200065213,0.1106503210977823,0.019411294037879858,67.25,289.21920013427734,237.77592140197754,Financial Services,322415722496,333.55,0.64,3783386
KAYNES.NS,-0.04127596030525512,-0.3687734770537318,0.11210223531211772,0.030204941316324046,252.800048828125,3807.9860009765625,5566.87150024414,Technology,259084599296,3862.0,,2726078
KEC.NS,-0.14658041681517459,-0.27298599461778816,-0.11938847560414419,0.024886411305732357,-93.8499755859375,661.8740026855469,786.9528939819336,Industrials,156658696192,588.5,0.92,726656
KFINTECH.NS,0.15605427933094965,-0.05219348526815633,-0.045463486771141516,0.0238617049534991,-102.9000244140625,1036.6940100097656,1106.7098150634765,Technology,166943260672,967.8,0.77,961873
KIRLOSBROS.NS,-0.07272977854192403,-0.18994640059496076,0.004149907295772079,0.02527980580521399,-27.39990234375,1590.2119995117187,1829.9860577392578,Industrials,124941451264,1573.1,0.44,81931
KIRLOSENG.NS,1.4038858053379366,0.5370273570137293,0.17856220658438418,0.02714557714353294,212.95703125,1245.314833984375,1014.1735870361329,Industrials,200859369472,1381.9,0.47,635025
KOTAKBANK.NS,0.07887846391395559,0.07062695152230611,0.028799019607843136,0.013023401671955375,1.54998779296875,424.9187994384766,419.76392822265626,Financial Services,4173625819136,419.65,0.12,14630323
KIMS.NS,0.4086719525533156,0.03446601786216257,0.24033122250258798,0.020459360120239366,134.5999755859375,642.4109973144531,689.3344995117187,Healthcare,298903797760,747.0,,425152
LTF.NS,1.0963062794516358,0.3252900301142554,0.005063669141075402,0.019238166075296485,-8.600006103515625,297.0209979248047,249.90036338806152,Financial Services,720684122112,287.5,0.92,6031124
LTTS.NS,-0.2702025906012351,-0.2043099409399106,-0.101187263949471,0.01932683560332967,-571.0,3976.6480126953124,4207.38400024414,Technology,354896216064,3348.2,1.69,110342
LICHSGFIN.NS,0.07211274226393588,-0.02566642594864758,0.02783588210878963,0.015396897731903603,7.29998779296875,526.4709997558593,563.3818356323242,Financial Services,296786460672,539.7,1.83,1479673
LTFOODS.NS,0.13880694036440372,-0.057167926808748534,0.07530930855111104,0.025641761255023127,36.2777099609375,389.71144226074216,423.4643307495117,Consumer Defensive,138764042240,399.45,0.98,708201
LTIM.NS,-0.06353013555700586,-0.11619490583075323,-0.24770642201834864,0.01732508946763679,-1520.5,5759.99,5485.633220214844,Technology,1336938332160,4510.0,1.49,326951
LT.NS,0.3447201611714412,0.1874479311302416,0.08740430458105605,0.01284379098881417,419.60009765625,4064.802001953125,3806.719050292969,Industrials,5875236864000,4271.0,0.79,1784977
LATENTVIEW.NS,-0.1115653131317668,-0.18919245106279325,-0.17256202148554411,0.024095221839948944,-97.54998779296875,421.4450018310547,429.2507514953613,Industrials,69816483840,337.4,,1265806
LAURUSLABS.NS,1.0101970731966687,0.2720839043689796,0.1286528750404793,0.01878531300152799,12.3499755859375,1040.485,893.3626510620118,Healthcare,588117901312,1089.2,0.15,1693766
THELEELA.NS,0.0008035957142122443,0.0643389253788375,0.03539190949283699,0.019012932322627945,-5.20001220703125,430.1529998779297,,Consumer Cyclical,145572233216,435.9,,308848
LEMONTREE.NS,-0.0774367781705903,-0.30024724335619746,-0.1010922286201416,0.02061504068580889,-26.280006408691406,138.1767999267578,151.02764991760253,Consumer Cyclical,91830566912,115.97,,3626473
LICI.NS,0.17418349621572976,0.007803747213970636,0.041600955479646755,0.01422233110238297,38.39996337890625,848.1310009765625,886.1914916992188,Financial Services,5422420328448,857.3,1.38,1242659
LINDEINDIA.NS,0.13076992468037874,0.07452149356761845,0.1401698018977859,0.01768200141853261,748.0,6178.78,6392.164057617188,Basic Materials,583130873856,6837.5,0.07,51937
LLOYDSME.NS,0.19437008524981456,-0.020251471653793148,0.14395714378926672,0.025666711732669215,33.699951171875,1239.1279956054686,1337.304400024414,Basic Materials,686376288256,1260.7,0.08,582578
LODHA.NS,-0.16168778119292163,-0.1625849439590504,0.027740619873423827,0.022395385281461705,-72.45001220703125,1049.1210083007813,1210.3208044433593,Real Estate,997149179904,998.4,0.42,1407260
LUPIN.NS,0.23020523811574473,0.22011714085808426,0.0739501800264894,0.01512890873932401,134.10009765625,2175.58798828125,2023.0205444335938,Healthcare,1055906988032,2310.3,0.52,809574
MMTC.NS,0.22632605692967092,0.026813575075989596,-0.04116744036854547,0.02995274353177967,-6.450004577636719,64.38260025024414,65.75910003662109,Industrials,94899617792,63.21,,9055672
MRF.NS,0.36280023926331056,0.011145341709317021,0.08847166222610633,0.015463103021471351,1017.828125,145773.34515625,147717.0204296875,Consumer Cyclical,610236891136,143885.0,0.17,6578
MGL.NS,-0.0549624406842752,-0.02330854725894279,0.16130551277640978,0.01944239227145505,158.3572998046875,1103.0328356933594,1250.7860195922851,Utilities,119501357056,1209.8,2.49,241363
MAHSCOOTER.NS,0.4430079724197371,-0.14867564341750147,-0.003348463427338344,0.023624708889285057,-415.0,13697.62,14792.968330078125,Financial Services,153260048384,13395.0,1.4,4866
MAHSEAMLES.NS,-0.0985205695343181,-0.1313430484007971,0.07133250983005211,0.019066560348237276,38.54998779296875,536.6349975585938,612.5598992919922,Basic Materials,74771578880,558.0,1.76,150260
M&MFIN.NS,0.3787564406983125,0.4934042313743179,0.009852249573420234,0.019967443851525563,23.100006103515625,374.1839990234375,306.12095825195314,Financial Services,525153337344,377.95,1.68,3329607
M&M.NS,0.275464078693449,0.0782621979508517,0.005274157368756275,0.015288042735254477,-208.300048828125,3585.39400390625,3424.349592285156,Consumer Cyclical,4141151158272,3449.6,0.73,2113678
MANAPPURAM.NS,0.38428441447180156,0.09814521496525616,0.0068019547256601125,0.018860323161062297,-27.367340087890625,301.65916625976564,277.7420729827881,Financial Services,241826414592,285.7,0.68,5102733
MRPL.NS,0.7897547635381361,0.6206360059036834,0.12014278645343775,0.028054739637857828,46.49000549316406,166.48559997558593,149.04979988098145,Energy,346630586368,197.56,,10209982
MANKIND.NS,-0.021626492812993035,-0.09213399699333805,0.05635590921463041,0.0166693761707297,68.300048828125,2145.230002441406,2359.098572387695,Healthcare,926086791168,2243.4,0.09,432247
MARICO.NS,0.286228809263967,0.09361440310331216,0.08769526044190022,0.0117646914800532,33.64996337890625,758.8499975585937,726.5830239868164,Consumer Defensive,1028405460992,793.95,1.3,1696025
MARUTI.NS,0.22509455638887205,0.014468257724291798,0.027810123981094597,0.012570405276444544,-854.0,15753.12,14651.153666992188,Consumer Cyclical,4717924581376,15006.0,0.89,364671
MFSL.NS,0.7950492819788596,0.14960684093571902,0.14148491093353152,0.014358888937987889,190.2000732421875,1710.5879931640625,1614.1549987792969,Financial Services,635824373760,1841.2,,650334
MAXHEALTH.NS,0.07766183224281213,-0.0524560740420976,0.14313337578832028,0.019063767970408197,56.75,1040.185997314453,1145.6056344604492,Healthcare,1063741620224,1092.25,0.14,2805356
MAZDOCK.NS,0.06565978977597414,-0.14047146984844122,-0.1330686812360483,0.025155853044105305,-215.80029296875,2419.0115673828127,2790.1002221679687,Industrials,895100190720,2219.0,0.85,1129734
METROPOLIS.NS,0.14981384302760067,-0.13916396788392618,0.0032567942263414308,0.01887673691056526,-24.300048828125,1913.1500122070313,1922.6925494384766,Healthcare,97231544320,1875.9,0.21,41720
MINDACORP.NS,0.12343547841108958,0.12733254446653297,-0.0008529817835525616,0.01927651244191645,1.56829833984375,576.2880505371094,549.7333673095703,Consumer Cyclical,132084547584,561.2,0.26,267518
MSUMI.NS,0.36329153509027046,0.017564954718829007,-0.020157528613544032,0.01806298363055671,-3.05999755859375,45.127000122070314,43.809671020507814,Consumer Cyclical,280254021632,42.26,2.56,7378354
MOTILALOFS.NS,0.25846457530755057,-0.15754943216862796,-0.04923359589534011,0.026186349152584713,-127.6865234375,802.6997229003906,878.2148779296875,Financial Services,430718615552,715.9,1.5,1156360
MPHASIS.NS,-0.014827339737507318,-0.1767216467617916,-0.1680681229329014,0.019011709542638398,-591.199951171875,2693.32,2738.6433715820312,Technology,437540519936,2294.8,2.52,516968
MCX.NS,1.2924366519934725,0.660081256871617,-0.029430341116989715,0.02520464957771551,7.60009765625,2335.1219897460937,1841.2072784423829,Financial Services,624399417344,2453.3,0.24,3649922
MUTHOOTFIN.NS,0.5339971315574112,0.26889833789458006,-0.1259922675203853,0.02237839499297108,-589.0,3761.283994140625,3128.774001464844,Financial Services,1343589187584,3344.8,0.76,678919
NATCOPHARM.NS,0.2519157037936529,0.15450411856651175,0.1884008860337774,0.022128861091619205,133.75714111328125,878.5010339355468,878.9848690795899,Healthcare,177748475904,991.85,0.67,1627288
NBCC.NS,0.24607199278547492,-0.04263163420537519,-0.050180232620585935,0.02263176415753197,-9.808349609375,104.96697784423829,110.44428771972656,Industrials,252530999296,93.53,0.72,11492882
NCC.NS,-0.1369122544969721,-0.2532518009101849,0.04288748447861269,0.01850808822567247,2.4900054931640625,152.41919982910156,195.37503173828125,Industrials,95853338624,152.67,1.43,3645972
NHPC.NS,0.04404916820060979,-0.0014452270997882546,-0.013831306589807644,0.015679327461069984,-3.0465774536132812,77.32087661743164,80.9163589477539,Utilities,761011830784,75.76,2.52,12927643
NLCINDIA.NS,0.27760133644239937,0.18039815322174996,0.005403295497897632,0.020896655066970964,6.8133392333984375,255.28238708496093,244.65912055969238,Utilities,360178876416,259.75,2.74,1574525
NMDC.NS,0.36414365561716716,0.23213526679122895,0.043848176345240575,0.018384619577039803,1.9710006713867188,79.8043522644043,72.78649955749512,Basic Materials,723830308864,82.33,4.24,26938124
NSLNISP.NS,0.10790775680287713,0.06689579057937203,-0.049693844932822334,0.025439638004183616,-1.4099998474121094,41.598000106811526,41.31140005111694,Basic Materials,118130098176,40.3,,4116023
NTPCGREEN.NS,-0.0360098733535253,-0.12889749428295622,0.04073345956615598,0.01733423982123627,-2.720001220703125,90.83140029907227,99.89790008544922,Utilities,755673268224,89.67,,3712892
NTPC.NS,0.24129262161040735,0.19638571810127414,0.08056877195597822,0.01231482383793878,38.045257568359375,349.06789306640627,333.3615237426758,Utilities,3701702393856,381.75,2.97,9933673
NH.NS,0.23496071953284428,0.047439815746081505,0.039085906799984006,0.021615219569220332,-79.800048828125,1841.31599609375,1846.5356787109374,Healthcare,373114699776,1837.1,0.24,314309
NATIONALUM.NS,1.0778262052056369,1.0017130392476743,-0.05866524998444792,0.024009439939935557,1.22216796875,345.1877044677734,240.39783531188965,Basic Materials,658246336512,358.0,4.15,15112890
NAVA.NS,0.45767240544602633,-0.13059294931729912,0.05426489494788254,0.025660946095712223,28.95001220703125,566.4930017089844,582.6356387329101,Industrials,168555560960,595.6,1.5,377319
NAVINFLUOR.NS,0.6737712590372635,0.339970624007231,0.03303820298409575,0.02014406407761282,144.0,6100.82,5280.537346191406,Basic Materials,323827204096,6309.0,0.2,201816
NESTLEIND.NS,0.14754036636052772,0.12583488788443692,-0.0230485116345133,0.012182151735362908,-14.133544921875,1291.49330078125,1221.6979083251954,Consumer Defensive,2495045959680,1293.9,1.45,969861
NETWEB.NS,1.4952724423034758,0.6758017015525866,0.1764238424786372,0.03547005144599282,352.10009765625,3250.4639990234373,2834.55404296875,Technology,210982043648,3702.0,0.07,1570402
NEULANDLAB.NS,0.17476718130012842,-0.044816053511705686,-0.030110935023771792,0.03009435326904367,-1235.0,13972.36,14263.327763671876,Healthcare,164952702976,12844.0,0.09,57112
NEWGEN.NS,-0.47823818797567746,-0.41802537036252546,-0.11683848797250859,0.03437950079345549,-235.8499755859375,670.7560083007812,902.3092492675781,Technology,72287666176,513.45,0.97,3666417
NAM-INDIA.NS,0.8125959115900669,0.1962845589529533,0.05819387090518455,0.023178824886404884,46.79998779296875,898.8400012207031,837.0418161010742,Financial Services,592805625856,930.15,1.91,925529
NIVABUPA.NS,0.03784591521064456,-0.06145724623581737,-0.02992266423439217,0.02043908189981215,-2.0999984741210938,76.94100006103515,80.22889999389649,Financial Services,141310689280,76.5,,1158323
NUVAMA.NS,0.28209195748033133,0.0011068694154184563,-0.07105691530485322,0.02447050651224985,-224.699951171875,1382.8180004882813,1362.7537072753905,Financial Services,227777150976,1250.5,2.17,523736
NUVOCO.NS,0.030452766604272364,-0.2914154093932713,-0.07074049203023904,0.017439262054944473,-26.800018310546875,348.6370007324219,383.36425064086916,Basic Materials,115391397888,322.85,,293675
OBEROIRLTY.NS,0.01649714360799147,-0.0508059923972514,0.022939131136788263,0.018158862054404132,-137.1510009765625,1590.8919677734375,1680.9810168457032,Real Estate,555521867776,1527.6,0.52,527855
ONGC.NS,0.2667748958065328,0.25208596180533666,0.05641136832980708,0.014940116126093373,36.11260986328125,249.13117309570313,236.1543783569336,Energy,3492285513728,277.6,6.6,13851004
OIL.NS,0.33407218465130856,0.2506714348885882,-0.054177314200757914,0.0193425867616579,33.258209228515625,445.5383154296875,422.2298303222656,Energy,773806751744,475.55,4.01,4226024
OLAELEC.NS,-0.5562192367978095,-0.5326549382897721,-0.21868237555686554,0.03753701400038638,-11.980001449584961,33.39880031585693,43.938300123214724,Consumer Cyclical,105579552768,25.15,,82086345
OLECTRA.NS,-0.10903250256562688,-0.3492794837580219,-0.07495850048221489,0.026321972054610898,-104.60003662109375,1097.6639978027345,1308.6591616821288,Industrials,82384437248,1003.7,0.04,425170
PAYTM.NS,0.5312521793012793,-0.07953603976801989,-0.023296703296703296,0.02343851470308013,-231.5,1233.4220043945313,1155.0719998168945,Technology,712214577152,1113.0,,3233202
ONESOURCE.NS,0.0172171829279206,-0.30995667219881784,0.09309330361814566,0.02951758133987185,-449.4000244140625,1486.7959912109375,1759.9129986572266,Healthcare,150293479424,1306.0,,316151
OFSS.NS,-0.11088997860948278,-0.16045064105557333,-0.11643041237113402,0.019412351819355914,-1103.0,7454.52,8274.364716796876,Technology,596648394752,6852.0,1.9,136773
POLICYBZR.NS,-0.002132244894772108,-0.17048855913692626,-0.09483229036812481,0.02487701228396023,-122.4000244140625,1653.2900073242188,1766.8910046386718,Financial Services,692523499520,1495.1,,2057537
PCBL.NS,-0.1776815098394788,-0.17192713298441595,0.13778193194167057,0.023487579933602575,28.04998779296875,291.60500244140627,353.9952177429199,Basic Materials,119219167232,303.0,2.0,2767574
PGEL.NS,-0.21900542394901962,0.1644597960566119,0.13291945621766807,0.03137984885483372,34.75,586.9259991455078,631.1800769042969,Technology,176364388352,619.75,0.04,2363610
PIIND.NS,0.0362829865769054,-0.157164551767729,-0.025440106736975686,0.015408919559181134,-153.5390625,3180.97068359375,3616.08630859375,Basic Materials,471554326528,3108.4,0.48,219427
PNBHOUSING.NS,0.0747748692220981,0.11345541768830635,0.020306360257921027,0.022262899573682424,-122.4000244140625,900.1380004882812,926.1197631835937,Financial Services,218032635904,836.95,0.59,1201623
PTCIL.NS,0.7147220317970003,0.2791747259832366,-0.011186177871303578,0.022530467255393333,-112.0,17982.02,16182.26,Industrials,268216696832,17890.0,,15866
PVRINOX.NS,0.12687585266030013,-0.07890624472520538,0.05919164231594735,0.020221868540233997,3.5,1016.5130017089843,1051.3057510375977,Communication Services,101440561152,1033.0,,408697
PAGEIND.NS,-0.2266690443292086,-0.27218488134556856,-0.029225167400271264,0.014272748952130215,-2325.8515625,34226.538046875,41160.91333984375,Consumer Cyclical,356093919232,31915.0,1.55,26909
PATANJALI.NS,-0.15186940558559237,-0.13517015426031564,0.019884117362898225,0.014683487500118268,-11.249969482421875,531.7500018310546,568.7376420593262,Consumer Defensive,555494735872,509.0,0.47,2660199
PERSISTENT.NS,-0.12199296209987182,-0.09666756474449993,-0.20869925434962716,0.02107836541684287,-1604.61376953125,5962.83353515625,5731.14171875,Technology,746959994880,4777.0,0.92,589196
PETRONET.NS,0.12325336496241661,0.2308936664184476,0.11613457772729724,0.014663937295907243,38.75,290.9490002441406,282.9957411193848,Energy,484800069632,323.2,3.15,2528009
PFIZER.NS,0.30212105172823506,-0.006012412723041117,0.12301689243807117,0.01621116284075371,364.10009765625,4886.583984375,5148.073298339844,Healthcare,234342760448,5122.5,0.69,32901
PHOENIXLTD.NS,0.11856999320999176,0.1201629233884618,0.010594405793674789,0.01802821851776302,-170.5999755859375,1790.447998046875,1647.286563720703,Real Estate,603792343040,1686.3,0.15,423839
PIDILITIND.NS,0.1292085706811422,-0.01570342121024371,0.048983283335768596,0.010103337430182565,24.5999755859375,1472.1980078125,1493.231229248047,Basic Materials,1527995957248,1501.4,0.67,561951
PPLPHARMA.NS,-0.22185956235715465,-0.132577447669774,0.02870443917535455,0.0186234836453178,-7.160003662109375,165.3451998901367,188.8784031677246,Healthcare,210512150528,158.99,0.09,3227969
POLYMED.NS,-0.40516462797411423,-0.40400939435363037,-0.18423306512217105,0.024999834163582948,-404.2000732421875,1561.8480029296875,1923.365025024414,Healthcare,125895458816,1240.6,0.28,191491
POLYCAB.NS,0.8273308132535241,0.19919616415174166,0.21244742282740428,0.01745523707715595,1382.0,7562.97,7135.227038574219,Industrials,1280644612096,8497.5,0.41,387999
POONAWALLA.NS,0.6244918680553503,0.06511413949337495,0.15200499723429667,0.024055530298504515,-4.300018310546875,456.6639990234375,455.54724990844727,Financial Services,371600949248,459.4,,1549505
PFC.NS,0.16569046010889307,0.12401005931506234,0.11368460201993089,0.017668566814325663,46.665985107421875,379.88505310058594,387.0751895141602,Financial Services,1378287484928,417.65,3.8,7762070
POWERGRID.NS,0.21866700987775195,0.1296603703204202,0.19218249781662752,0.01411333300663936,47.956451416015625,272.6719174194336,276.9695525360107,Utilities,2811572518912,302.3,4.04,13154414
PRAJIND.NS,-0.34726687401393186,-0.15997949792694155,0.13286237849896426,0.025908285724294086,17.550018310546875,311.14500122070314,385.19201599121095,Industrials,59996590080,326.4,1.99,2879965
PREMIERENE.NS,-0.21098096601542426,-0.26692483865069633,0.012293339749697367,0.02341797924462176,-10.95001220703125,776.6620043945312,965.9642486572266,Technology,327447904256,729.1,0.1,2034262
PRESTIGE.NS,0.2456258103044224,-0.09513076980139216,-0.03414302046805508,0.021100585336778055,-111.5999755859375,1528.2279907226562,1607.5848602294923,Real Estate,607674236928,1410.8,0.13,677696
PGHH.NS,-0.14813537952150213,-0.11001305932023644,-0.011226513351970367,0.012346689839183874,-602.15234375,12070.53548828125,12891.122573242188,Consumer Defensive,371058671616,11431.0,2.05,6144
PNB.NS,0.4499219221393163,0.28449648452646364,0.03506669305884171,0.016438373376354287,-2.779998779296875,124.50059967041015,114.4356647491455,Financial Services,1487197700096,129.38,2.22,19124645
RRKABEL.NS,0.763750578189719,0.3077728066278547,0.13714787152270214,0.021367678737765575,86.5999755859375,1453.9319873046875,1352.9420928955078,Industrials,177003151360,1565.0,0.53,204817
RBLBANK.NS,0.9755990851114344,0.23258317139094928,0.07313809574398536,0.021823694290550217,-4.0,309.8720007324219,279.1151325988769,Financial Services,197741330432,320.15,0.31,5640930
RECLTD.NS,-0.022880267080708973,0.028937046308835482,-0.023120170130354147,0.018023723962567278,-15.133636474609375,359.27765991210936,367.3352354431152,Financial Services,924391178240,351.0,6.86,8376549
RHIM.NS,0.12126387407177368,-0.0776776857369953,-0.022916225718179528,0.024326030802858334,-20.100006103515625,448.3269982910156,465.26336853027345,Industrials,89817800704,434.95,0.57,203291
RITES.NS,0.036283673364160246,-0.1005231653335883,-0.056379498143855726,0.02394193266052027,-13.862014770507812,226.89386688232423,247.83691162109375,Industrials,102700220416,213.69,3.52,979792
RADICO.NS,0.27372592722358124,-0.06619718309859154,-0.062267986130402735,0.018913733221955265,-239.10009765625,2931.6559912109374,2897.4149255371094,Consumer Defensive,354201829376,2645.4,0.15,368880
RVNL.NS,-0.09028017214475365,0.04689911748194684,-0.07748491482714298,0.02268310712194221,-18.300872802734375,330.4066174316406,347.1612098693848,Industrials,657799380992,315.4,0.85,10077839
RAILTEL.NS,0.05732249702539314,-0.046782242445087927,-0.11714769273202362,0.025265821245944665,-35.850006103515625,342.5779998779297,368.2859425354004,Communication Services,100020453376,311.65,1.23,1800571
RAINBOW.NS,-0.07551767641802337,-0.19923805996147467,0.05271944581943225,0.01652015399752821,-68.300048828125,1237.5019970703124,1382.1275518798827,Healthcare,121580527616,1197.6,0.25,123476
RKFORGE.NS,-0.1768090469124087,-0.0340658162718405,0.07072978568730977,0.022749976790627097,50.95001220703125,527.4290032958984,569.66128616333,Industrials,99126247424,547.4,0.37,398847
RCF.NS,0.045106312656274634,-0.14022409527372412,-0.07573245552193668,0.02012025479721351,-9.990943908691406,135.45651779174804,145.50484775543214,Basic Materials,69429952512,125.85,1.81,1390991
REDINGTON.NS,0.09543317439600034,0.11687769642150521,-0.009025647805691234,0.031158552910477956,5.5,266.4469976806641,272.77634704589843,Technology,209476452352,267.95,2.78,1817020
RELIANCE.NS,0.1586144941744661,0.026377873648767397,-0.001719954401656461,0.012627203816325438,-64.9000244140625,1464.592001953125,1449.4765087890626,Energy,18850733096960,1393.0,0.39,10885809
RELINFRA.NS,-0.5835389112130097,-0.6498208538131436,-0.30729630614113923,0.034668833075184424,-55.659996032714844,136.264598236084,240.86279926300048,Utilities,37828685824,92.53,,1003600
RPOWER.NS,-0.28690645506056095,-0.4357923105705683,-0.12283183410104397,0.03559822625038689,-7.099998474121094,30.77300003051758,45.05969997406006,Utilities,102484402176,24.78,,45468903
SBFC.NS,0.10035717239996451,-0.09263657957244656,0.1180051749839454,0.021539550920878458,-11.510002136230469,98.82219970703125,106.60344985961915,Financial Services,104365080576,95.2,,2183882
SBICARD.NS,-0.09588564273599358,-0.03596767195278469,0.02793442788662356,0.015864896142789072,-65.050048828125,812.002998046875,867.7994985961914,Financial Services,736051593216,773.45,0.32,1188804
SBILIFE.NS,0.4007898599687784,0.13813342694198283,0.028221117009632223,0.011950935753484887,-26.10009765625,2044.3600048828125,1906.0790020751954,Financial Services,2060313821184,2054.5,0.13,871647
SJVN.NS,-0.14440208688301007,-0.19628971585872207,0.03487294335332169,0.021151040649890502,-1.419647216796875,74.42819229125976,86.47832275390626,Utilities,289979596800,73.79,1.97,8408803
SRF.NS,-0.08998672035732751,-0.0855383112542349,-0.08070874725251863,0.016188160970383718,-432.822021484375,2900.9765283203124,2961.3112548828126,Industrials,767354929152,2588.7,0.38,436455
SAGILITY.NS,-0.06849159612942933,-0.08547831870296332,-0.19727615489519706,0.0236923650611977,-13.329998016357422,49.5276001739502,46.28111743927002,Healthcare,189359751168,40.45,0.25,26575698
SAILIFE.NS,0.40019985440100586,0.18915969163443885,0.1742800497372744,0.024780327147283954,108.5,897.4719982910157,851.5822509765625,Healthcare,208486432768,985.15,,459609
SAMMAANCAP.NS,0.35780467566881763,0.2294288078578579,0.011213503465803295,0.028945280249730726,12.319992065429688,145.8934002685547,142.90625019073485,Financial Services,124052996096,152.05,1.4,12580176
MOTHERSON.NS,0.6509364755615059,0.44948789694238545,0.19078831376800248,0.02049650054819638,19.650001525878906,121.11860015869141,108.08772384643555,Consumer Cyclical,1416511881216,134.21,0.81,15940597
SAPPHIRE.NS,-0.3297024806411083,-0.3696682415809086,0.08757578779987585,0.022980562033755206,-15.300003051757812,219.67640014648438,282.3230495452881,Consumer Cyclical,66272493568,205.97,,867677
SARDAEN.NS,0.1507116496384775,-0.10462100466309225,0.09381382881220823,0.027480524988914883,44.100006103515625,504.0520001220703,506.1357717895508,Basic Materials,189017325568,536.4,0.29,415357
SAREGAMA.NS,-0.3149811025820854,-0.31398185837393966,-0.03425272210089806,0.020099385064304944,-23.100006103515625,344.46699768066406,438.938370513916,Communication Services,62598410240,325.85,2.71,577539
SCHAEFFLER.NS,0.45300462631820304,0.14632567529434937,0.223958390204664,0.0181494264200376,597.69970703125,3829.889990234375,3979.078503417969,Consumer Cyclical,690143166464,4415.4,0.64,80488
SCHNEIDER.NS,0.37178887175993636,0.028001400867609324,0.2717955991783864,0.027638213037292254,261.0999755859375,734.8610021972656,799.435751953125,Industrials,211451641856,884.35,,523604
SCI.NS,0.8500398715397959,0.32721776829186955,0.19441018139162378,0.02950099923432001,55.79826354980469,230.25458068847655,218.72428031921388,Industrials,123669635072,265.5,4.88,5386681
SHREECEM.NS,-0.06234712724005391,-0.09513727813786342,-0.021122846025569762,0.011759776707596153,-1425.0,26826.3,28686.398291015626,Basic Materials,953794560000,26435.0,0.6,33113
SHRIRAMFIN.NS,0.8070346374802858,0.8812782198770588,0.06372549019607843,0.020333085581439703,89.54998779296875,1010.3819970703125,766.8321166992188,Financial Services,2037318680576,1082.8,1.33,7374728
SHYAMMETL.NS,0.20059372860185604,-0.05904121609162622,-0.005138714644160584,0.018492660909539767,38.39996337890625,840.6660021972656,877.3802270507813,Basic Materials,236814123008,851.15,0.53,161507
ENRIN.NS,0.07676309593399867,-0.11748662771257216,0.18213252207027564,0.02070995147924113,616.950927734375,2589.5794677734375,,Utilities,1040619798528,2922.1,0.14,645873
SIEMENS.NS,0.19201282956700122,0.07758284090578163,0.057395284944215606,0.01754008475803248,360.10009765625,3103.70201171875,3162.4880053710935,Industrials,1166971240448,3276.9,0.39,371481
SIGNATURE.NS,-0.1375344986200552,-0.15096898980565812,0.040279613072874226,0.019659332018009342,19.0999755859375,996.5430004882812,1110.7622506713867,Real Estate,131904405504,938.75,,559051
SOBHA.NS,0.19999198863039505,-0.03141891891891892,-0.011515619731182678,0.021960814164626186,-93.800048828125,1480.46,1514.6454022216797,Real Estate,153204228096,1433.0,0.21,166146
SOLARINDS.NS,0.5527143036363962,-0.0199811771519583,0.004228486646884273,0.019372422459323205,702.0,12965.46,14233.784145507812,Basic Materials,1224330444800,13530.0,0.07,142559
SONACOMS.NS,0.07244233305232779,0.21361330316232396,0.08108928332230207,0.0212904249475893,77.34005737304688,495.3134655761719,477.55250274658204,Consumer Cyclical,332812484608,535.2,0.59,1790976
SONATSOFTW.NS,-0.27409773993558695,-0.2194101156591273,-0.13982995017513083,0.02782451370962982,-65.83172607421875,321.8892364501953,363.9878562927246,Technology,75447746560,271.9,3.01,816229
STARHEALTH.NS,0.29419833655544725,0.05583524974524293,0.005434177502330847,0.017138205120941784,30.399993896484375,456.10100036621094,456.8765003967285,Financial Services,277431418880,471.45,,647600
SBIN.NS,0.7435113396490349,0.4991900007301402,0.11692888485091761,0.012342066939051472,160.7999267578125,1072.9739990234375,911.3359988403321,Financial Services,11105356218368,1203.1,1.31,11280660
SAIL.NS,0.596473987369111,0.42587493650917035,0.10567061936566734,0.02025642032617235,17.730010986328125,150.72940017700196,135.32210960388184,Basic Materials,690045517824,167.06,0.97,21650148
SUMICHEM.NS,-0.14881946099107263,-0.28790960609120375,-0.015867203946895465,0.01935837555502623,-27.5,430.82800048828125,505.61511459350584,Basic Materials,201330425856,403.35,0.3,280542
SUNPHARMA.NS,0.08636453421642143,0.11879154340208924,0.11823052575430398,0.012346827708660241,114.2708740234375,1699.0299560546875,1677.2704919433593,Healthcare,4254020927488,1773.0,0.94,2285801
SUNTV.NS,0.11448236661663175,0.17611716646772252,0.14249005489683714,0.01975663013369767,86.5345458984375,567.0993322753907,568.4215863037109,Communication Services,250046676992,634.5,1.66,261701
SUNDARMFIN.NS,0.19495495138595015,0.20977066457412055,0.030001277739923973,0.019476957437667627,352.78271484375,5225.588056640625,4881.314887695313,Financial Services,597960818688,5425.5,0.67,73795
SUNDRMFAST.NS,-0.050547150623198984,-0.11074105632650748,-0.051181102362204724,0.015380618197882202,-29.4000244140625,929.9829992675782,972.8232888793946,Consumer Cyclical,189861478400,903.55,0.82,57781
SUPREMEIND.NS,0.15703145415130343,-0.10189978794379076,0.13960438309378112,0.018829121930444392,514.800048828125,3603.9939892578127,3976.658983154297,Industrials,509343825920,4008.0,0.87,266241
SUZLON.NS,-0.180702125275885,-0.24313310555564044,-0.10404865271641346,0.02173566117116632,-5.740001678466797,48.618799743652346,57.0554998588562,Industrials,584385560576,42.61,,54153037
SWANCORP.NS,-0.09866929807145958,-0.15116425366912242,-0.10494486099972157,0.026911057360394192,-56.45001220703125,427.70400146484377,447.175796661377,Industrials,118267281408,377.3,0.03,976355
SWIGGY.NS,-0.11162726330205765,-0.2532031726662599,-0.012106537530266344,0.02417698713096132,-34.25,346.5039990234375,384.79725021362304,Consumer Cyclical,795043954688,306.2,,12235145
SYNGENE.NS,-0.38016727340165835,-0.3305640139697268,-0.11500688732313567,0.01888232673116456,-208.0999755859375,547.4390014648437,623.9219378662109,Healthcare,168233549824,418.75,0.29,986381
SYRMA.NS,0.9963380381315595,0.09974180184740836,0.08653084833894546,0.02793041036530202,118.699951171875,767.71400390625,730.155598449707,Technology,159711477760,828.8,0.18,1256041
TBOTEK.NS,-0.07993827720175857,-0.04298942181832375,-0.10135036671073544,0.027755072932308555,-269.7000732421875,1504.9459985351561,1480.6034979248047,Consumer Cyclical,133501681664,1253.1,,102538
TVSMOTOR.NS,0.6919741119590272,0.20280167862880685,0.07170832716464522,0.01477681991947467,273.300048828125,3745.6179931640627,3339.8514978027342,Consumer Cyclical,1873195040768,3943.9,0.25,648891
TATACHEM.NS,-0.10592798307788748,-0.23025958204541555,-0.04955409508108962,0.015291698531239472,-46.3499755859375,733.3830017089844,860.2826058959961,Basic Materials,180456603648,708.35,1.53,405050
TATACOMM.NS,0.18682898577199858,0.04881827248985526,0.0341929010963865,0.018697886351983856,-130.4000244140625,1689.3959936523438,1718.8999859619141,Communication Services,463267495936,1625.5,1.53,278144
TCS.NS,-0.23877538207084334,-0.11935827136463993,-0.14910842832640928,0.013500146878783186,-548.599853515625,3034.0851220703125,3095.804150390625,Technology,9621940994048,2659.4,2.38,3334684
TATACONSUM.NS,0.14473116995300536,0.07508916666676214,0.010141987611246918,0.013499920382667289,-43.699951171875,1168.0399975585938,1130.5434631347657,Consumer Defensive,1133043908608,1145.0,0.71,1061810
TATAELXSI.NS,-0.17922855444430527,-0.13737103553687427,-0.15187376725838264,0.019810417538034673,-1090.5,5258.27,5620.641435546875,Technology,281044385792,4509.0,1.64,331841
TATAINVEST.NS,0.0969433292029698,-0.042550070456180825,0.04759987512730763,0.02611996695632933,-11.10003662109375,662.5950036621093,713.3790396118164,Financial Services,329476571136,651.2,0.41,1080161
TMPV.NS,-0.005628788979597924,,0.1102699827155685,0.013847457488983826,35.04998779296875,364.0999993896484,,Consumer Cyclical,1432444862464,389.0,1.53,11147426
TATAPOWER.NS,0.10814414354802437,0.010824584729693698,0.03248710022012981,0.013919979000305184,12.100006103515625,371.9720013427734,387.7520733642578,Utilities,1208157863936,378.1,0.59,3854540
TATASTEEL.NS,0.5871836162202589,0.39247803314124524,0.11380932621461949,0.017666301929261014,26.899993896484375,191.30280029296875,171.46104598999023,Basic Materials,2681197821952,214.98,1.67,29128628
TATATECH.NS,-0.1687069103159016,-0.11598587328617177,-0.09381536570305232,0.01716746217834415,-65.25,636.6430029296876,684.2977282714844,Technology,237570867200,585.4,1.43,937675
TTML.NS,-0.3465252497095951,-0.26417112474006,-0.0959264363283497,0.02751300390225914,-4.720001220703125,45.67540008544922,56.169950065612795,Communication Services,80771088384,41.3,,7624123
TECHM.NS,-0.11019052469418936,-0.06312869071131436,-0.21203601673030698,0.01645503486146572,-297.0,1599.5520043945312,1531.6142138671876,Technology,1217306951680,1374.7,3.3,2028740
TECHNOE.NS,0.25159338109605756,-0.21348275377131845,0.2133914327058748,0.026603238681146363,207.14996337890625,1050.8420056152345,1298.8617422485352,Industrials,137128828928,1179.1,0.76,218596
TEJASNET.NS,-0.46029095477362,-0.3175391854497121,0.16857398551883557,0.030821284142174218,33.399993896484375,375.00499755859374,547.413249206543,Technology,70950928384,400.05,0.67,3587405
NIACL.NS,-0.016977161246168077,-0.20939400772386957,-0.00946883102164717,0.022951701441005723,-2.4199981689453125,150.80199981689452,176.0959465789795,Financial Services,242952945664,147.3,1.21,555395
RAMCOCEM.NS,0.34335935082939156,0.09281639318181335,0.008296207696810883,0.014779514475435325,58.4000244140625,1100.9800073242188,1062.516023864746,Basic Materials,267152162816,1130.6,0.18,275615
THERMAX.NS,-0.025856647349289778,-0.02846203048973,0.07574704656011119,0.020147802966293493,125.699951171875,2974.6299951171877,3226.3318225097655,Industrials,348838428672,3096.7,0.44,107760
TIMKEN.NS,0.36599834215337596,0.18296912937911897,0.15940300747112118,0.019178982649896127,420.0,3090.7960107421877,3101.2050402832033,Industrials,258030239744,3423.9,1.07,35949
TITAGARH.NS,-0.04919526620876618,-0.1463489598331173,-0.14269186895744518,0.02415386945417055,-102.050048828125,801.0469934082031,859.8325564575196,Industrials,94682382336,703.05,0.14,948722
TITAN.NS,0.34395363938585677,0.1901179831352707,0.08580990127938432,0.01266312980167148,121.80029296875,4125.298022460937,3733.857471923828,Consumer Cyclical,3830350086144,4318.1,0.25,871180
TORNTPHARM.NS,0.4820167789802916,0.24119029579790802,0.11552952984288294,0.012990701775443564,397.464111328125,3998.66974609375,3623.4330639648438,Healthcare,1484117114880,4385.1,0.79,282493
TORNTPOWER.NS,0.2105372781966698,0.2901809890953922,0.14113525986077236,0.018443486596524818,223.4241943359375,1375.9635620117188,1332.310009765625,Utilities,789818441728,1567.4,1.28,491915
TARIL.NS,-0.23820087120858086,-0.36284841574341936,0.3261063381580357,0.038187474117603384,52.860015869140625,278.365798034668,414.2099491119385,Industrials,93645733888,311.98,0.06,9014616
TRENT.NS,-0.19719079206438575,-0.27248019963311626,0.018201004449544315,0.02227642914824511,-45.300048828125,4047.607978515625,4833.5287182617185,Consumer Cyclical,1368911118336,3850.8,0.13,935253
TRIDENT.NS,-0.028904063296278537,-0.06941912559810222,-0.020761280691098182,0.021516442736758228,-0.060001373291015625,26.426800079345703,28.62803547859192,Consumer Cyclical,129925005312,25.47,1.95,9314465
TRIVENI.NS,0.1430903125929729,0.1395170552006067,0.06059473260898558,0.02023349098159857,64.238525390625,370.7565063476562,367.23288177490235,Consumer Defensive,87122231296,397.8,1.04,401056
TRITURBINE.NS,-0.055220513832436854,-0.04630216632209934,-0.018495237330572074,0.0245790543376907,-9.699310302734375,505.3401275634766,544.6342083740234,Industrials,155829911552,490.2,0.91,501073
TIINDIA.NS,0.06371234875568306,-0.08681502531919612,0.15818958787737236,0.021395240324119175,361.582275390625,2473.0996142578124,2870.4853393554686,Industrials,523695456256,2704.0,0.15,512272
UCOBANK.NS,-0.20168021728616461,0.052127633815044816,0.016095866475147966,0.018981554083632134,0.010000228881835938,29.039200096130372,30.303400020599366,Financial Services,371799425024,29.63,1.31,7336430
UNOMINDA.NS,0.46399825036392356,-0.05216091180926214,0.02536255768303638,0.02042600609639328,28.2655029296875,1221.5855541992187,1191.03555267334,Consumer Cyclical,698924859392,1211.2,0.2,729654
UPL.NS,-0.0075464605894086205,-0.11561299336360462,-0.10078842386064893,0.019317041509202954,-157.1500244140625,744.0330017089843,704.412624206543,Basic Materials,534726737920,632.6,0.94,3289885
UTIAMC.NS,0.06710710295638245,-0.2139697417206296,0.041225429302660016,0.020100042045243592,-73.89996337890625,1073.3249914550781,1215.3921463012696,Financial Services,130164170752,1012.8,2.53,98106
ULTRACEMCO.NS,0.21751025091037943,0.0,-0.004253978257444462,0.01126035632441689,262.0,12397.78,12109.384501953125,Basic Materials,3722182131712,12653.0,0.6,231396
UNIONBANK.NS,0.8000547962887333,0.6059124934972584,0.1089289834021411,0.020184209545735896,24.300003051757812,173.56219909667968,149.24260345458984,Financial Services,1530478067712,200.44,2.36,16589515
UBL.NS,-0.20388298584232803,-0.14085723962209337,0.08239700374531835,0.012654451646272945,69.199951171875,1556.157998046875,1789.791082763672,Consumer Defensive,419743170560,1587.5,0.63,116134
UNITDSPR.NS,0.04502396536522565,0.07945883542830952,0.010641421003816466,0.013070326760390324,34.470703125,1377.4949926757813,1386.3406573486327,Consumer Defensive,1001486024704,1376.8,0.86,750698
USHAMART.NS,0.4404614226945578,0.10314549437356652,0.02834454759563989,0.022003454465507825,-4.29998779296875,428.74499877929685,401.5090966796875,Basic Materials,128264691712,420.65,0.7,676075
VGUARD.NS,-0.0029342626098405084,-0.13279207152745703,-0.10470238620659277,0.014256697258737756,9.5,325.08000244140624,357.49242660522464,Industrials,137295839232,314.65,0.47,318660
DBREALTY.NS,-0.05983985151970271,-0.33970639611866416,0.04614091648757063,0.033610245675544645,7.44000244140625,114.86519958496093,161.41015007019044,Real Estate,60830920704,112.15,,2179813
VTL.NS,0.3795028435485398,0.28815370960466774,0.2497975435591041,0.02626854327476041,122.8499755859375,459.5429992675781,449.43507995605466,Consumer Cyclical,156115845120,539.75,0.91,553094
VBL.NS,0.024327988297191693,-0.060043108624600335,-0.028328925418600794,0.018083382352369316,-42.5,473.86299987792967,473.9903767395019,Consumer Defensive,1546631643136,457.3,0.43,4972813
MANYAVAR.NS,-0.5268980308758583,-0.4685876327511537,-0.18872979283321395,0.01737584607205936,-134.4000244140625,505.5700030517578,664.8437394714356,Consumer Cyclical,95694954496,393.85,2.0,153386
VEDL.NS,0.9014373139101366,0.7362414981174721,0.07160147996039946,0.02025384435460192,47.64996337890625,659.1420043945312,508.84053131103514,Basic Materials,2855309410304,730.6,6.98,16596311
VENTIVE.NS,0.22021476789805292,-0.013617475596704438,-0.06306546285478296,0.022714161502450127,-64.0,741.6659997558594,739.8617492675781,Consumer Cyclical,163268935680,699.1,,88490
VIJAYA.NS,0.010495642798147006,-0.016163129700874874,0.01903619460480294,0.022632188693772513,-10.8499755859375,1000.4720031738282,1006.9413442993164,Healthcare,100494090240,976.65,0.2,231515
VMM.NS,0.19851770884627717,-0.1991165201178872,-0.049940400464778247,0.018856264048543604,-9.879989624023438,127.03000030517578,135.83334999084474,Consumer Cyclical,559218229248,119.67,,8258178
IDEA.NS,0.388461494727954,0.6687211564939933,-0.03043868847498684,0.034564401117881845,0.010000228881835938,11.164800071716309,8.864450023174285,Communication Services,1173355102208,10.83,,527731043
VOLTAS.NS,0.18128035478629334,0.1222707423580786,0.16123199913367678,0.017583463661954884,130.5999755859375,1434.6399975585937,1369.465107421875,Consumer Cyclical,510224269312,1542.0,0.46,708058
WAAREEENER.NS,0.2312476183789832,-0.19911005989898597,-0.023103103979820627,0.02987344784187448,170.900146484375,2851.2440185546875,3087.126970214844,Technology,787071827968,2736.3,0.15,1647129
WELCORP.NS,0.09784963729866378,-0.018221790332651734,0.13411037064514056,0.0228355287209795,90.20001220703125,786.8080004882812,854.7623764038086,Basic Materials,217410715648,824.1,0.61,534772
WELSPUNLIV.NS,0.11995743141799299,0.13391876537245884,0.00024206228696040872,0.0326516240844593,2.7399978637695312,131.29200119018554,130.58508972167968,Consumer Cyclical,118360612864,123.73,1.34,5449718
WHIRLPOOL.NS,-0.04895080615411323,-0.3007073527044638,0.16939890710382513,0.02348668068287978,107.54998779296875,865.8429968261719,1170.782847595215,Consumer Cyclical,115706937344,911.65,0.54,577238
WIPRO.NS,-0.2836800137873699,-0.17049491592139782,-0.14867033401483679,0.015970836756715564,-59.038909912109375,238.7124102783203,242.15794876098633,Technology,2113844019200,201.77,8.45,12578069
WOCKPHARMA.NS,0.17155212599491304,-0.04105077098839755,-0.00962228854554392,0.03316959364436176,-58.699951171875,1399.0639916992188,1467.8604974365235,Healthcare,222516789248,1369.4,,1216695
YESBANK.NS,0.1952764556717251,0.08638741285738695,-0.03082670958037795,0.01872419694091014,-2.7099990844726562,21.68280002593994,21.1969499874115,Financial Services,651734614016,20.75,,91002181
ZFCVINDIA.NS,0.40665391416737445,0.09129662522202486,0.0247514844219094,0.019144436926073354,1311.0,14896.8,13778.87109375,Consumer Cyclical,291114483712,15348.0,0.12,29682
ZEEL.NS,-0.08442116684215473,-0.24922438763162333,0.032472215955814974,0.024831761112903236,-2.3799972534179688,89.16280014038085,109.55945251464844,Communication Services,83728474112,87.17,2.78,7638420
ZENTEC.NS,0.2142501554048964,-0.07796651730699639,-0.04930766315457253,0.025436103863290368,17.4000244140625,1334.7699975585938,1541.313155517578,Industrials,121262858240,1348.5,0.15,414759
ZENSARTECH.NS,-0.28726957059116764,-0.26942195958857995,-0.13995693369969445,0.021416649694583265,-153.40618896484375,662.5314404296874,757.5567868041992,Technology,126696873984,559.0,2.47,479297
ZYDUSLIFE.NS,0.05681076729760878,-0.05590946054576834,0.046199056792065776,0.0135732664409599,58.10003662109375,903.6340014648438,950.3138684082031,Healthcare,931877093376,925.8,1.17,662638
ECLERX.NS,0.09992098687296364,-0.2312794281049116,-0.3023306106517786,0.02753429816356343,-1386.10009765625,4298.076020507812,4099.1087890625,Technology,150385344512,3246.7,0.03,115329
